,Entity,Year,Terrorist attacks,Oil Reserves (Barrels),Percentage of World Reserves
0,Albania,1994,2,168332000,0.01
1,Albania,1995,0,168332000,0.01
2,Albania,1996,6,168332000,0.01
3,Albania,1997,41,168332000,0.01
4,Albania,1998,7,168332000,0.01
5,Albania,1999,3,168332000,0.01
6,Albania,2000,2,168332000,0.01
7,Albania,2001,1,168332000,0.01
8,Albania,2002,0,168332000,0.01
9,Albania,2003,1,168332000,0.01
10,Albania,2004,0,168332000,0.01
11,Albania,2005,0,168332000,0.01
12,Albania,2006,0,168332000,0.01
13,Albania,2007,0,168332000,0.01
14,Albania,2008,0,168332000,0.01
15,Albania,2009,1,168332000,0.01
16,Albania,2010,0,168332000,0.01
17,Albania,2011,0,168332000,0.01
18,Albania,2012,0,168332000,0.01
19,Albania,2013,1,168332000,0.01
20,Albania,2014,2,168332000,0.01
21,Albania,2015,4,168332000,0.01
22,Albania,2016,2,168332000,0.01
23,Albania,2017,1,168332000,0.01
24,Albania,2018,0,168332000,0.01
25,Albania,2019,1,168332000,0.01
26,Albania,2020,1,168332000,0.01
27,Albania,2021,1,168332000,0.01
28,Algeria,1994,227,12200000000,0.7
29,Algeria,1995,185,12200000000,0.7
30,Algeria,1996,129,12200000000,0.7
31,Algeria,1997,344,12200000000,0.7
32,Algeria,1998,151,12200000000,0.7
33,Algeria,1999,106,12200000000,0.7
34,Algeria,2000,138,12200000000,0.7
35,Algeria,2001,113,12200000000,0.7
36,Algeria,2002,132,12200000000,0.7
37,Algeria,2003,75,12200000000,0.7
38,Algeria,2004,67,12200000000,0.7
39,Algeria,2005,104,12200000000,0.7
40,Algeria,2006,152,12200000000,0.7
41,Algeria,2007,124,12200000000,0.7
42,Algeria,2008,107,12200000000,0.7
43,Algeria,2009,108,12200000000,0.7
44,Algeria,2010,100,12200000000,0.7
45,Algeria,2011,15,12200000000,0.7
46,Algeria,2012,41,12200000000,0.7
47,Algeria,2013,22,12200000000,0.7
48,Algeria,2014,13,12200000000,0.7
49,Algeria,2015,15,12200000000,0.7
50,Algeria,2016,9,12200000000,0.7
51,Algeria,2017,14,12200000000,0.7
52,Algeria,2018,7,12200000000,0.7
53,Algeria,2019,0,12200000000,0.7
54,Algeria,2020,4,12200000000,0.7
55,Algeria,2021,1,12200000000,0.7
56,Angola,1994,9,8423000000,0.51
57,Angola,1995,10,8423000000,0.51
58,Angola,1996,4,8423000000,0.51
59,Angola,1997,7,8423000000,0.51
60,Angola,1998,20,8423000000,0.51
61,Angola,1999,34,8423000000,0.51
62,Angola,2000,22,8423000000,0.51
63,Angola,2001,40,8423000000,0.51
64,Angola,2002,6,8423000000,0.51
65,Angola,2003,0,8423000000,0.51
66,Angola,2004,0,8423000000,0.51
67,Angola,2005,0,8423000000,0.51
68,Angola,2006,0,8423000000,0.51
69,Angola,2007,0,8423000000,0.51
70,Angola,2008,0,8423000000,0.51
71,Angola,2009,1,8423000000,0.51
72,Angola,2010,2,8423000000,0.51
73,Angola,2011,0,8423000000,0.51
74,Angola,2012,0,8423000000,0.51
75,Angola,2013,0,8423000000,0.51
76,Angola,2014,0,8423000000,0.51
77,Angola,2015,0,8423000000,0.51
78,Angola,2016,2,8423000000,0.51
79,Angola,2017,6,8423000000,0.51
80,Angola,2018,0,8423000000,0.51
81,Angola,2019,1,8423000000,0.51
82,Angola,2020,1,8423000000,0.51
83,Angola,2021,0,8423000000,0.51
84,Argentina,1994,14,2379702000,0.14
85,Argentina,1995,16,2379702000,0.14
86,Argentina,1996,19,2379702000,0.14
87,Argentina,1997,11,2379702000,0.14
88,Argentina,1998,0,2379702000,0.14
89,Argentina,1999,1,2379702000,0.14
90,Argentina,2000,0,2379702000,0.14
91,Argentina,2001,2,2379702000,0.14
92,Argentina,2002,0,2379702000,0.14
93,Argentina,2003,1,2379702000,0.14
94,Argentina,2004,0,2379702000,0.14
95,Argentina,2005,3,2379702000,0.14
96,Argentina,2006,0,2379702000,0.14
97,Argentina,2007,0,2379702000,0.14
98,Argentina,2008,0,2379702000,0.14
99,Argentina,2009,1,2379702000,0.14
100,Argentina,2010,5,2379702000,0.14
101,Argentina,2011,1,2379702000,0.14
102,Argentina,2012,2,2379702000,0.14
103,Argentina,2013,2,2379702000,0.14
104,Argentina,2014,1,2379702000,0.14
105,Argentina,2015,1,2379702000,0.14
106,Argentina,2016,2,2379702000,0.14
107,Argentina,2017,3,2379702000,0.14
108,Argentina,2018,5,2379702000,0.14
109,Argentina,2019,1,2379702000,0.14
110,Argentina,2020,5,2379702000,0.14
111,Argentina,2021,2,2379702000,0.14
112,Australia,1994,9,1193000000,0.07
113,Australia,1995,5,1193000000,0.07
114,Australia,1996,5,1193000000,0.07
115,Australia,1997,4,1193000000,0.07
116,Australia,1998,6,1193000000,0.07
117,Australia,1999,0,1193000000,0.07
118,Australia,2000,1,1193000000,0.07
119,Australia,2001,2,1193000000,0.07
120,Australia,2002,0,1193000000,0.07
121,Australia,2003,0,1193000000,0.07
122,Australia,2004,0,1193000000,0.07
123,Australia,2005,0,1193000000,0.07
124,Australia,2006,2,1193000000,0.07
125,Australia,2007,0,1193000000,0.07
126,Australia,2008,1,1193000000,0.07
127,Australia,2009,1,1193000000,0.07
128,Australia,2010,1,1193000000,0.07
129,Australia,2011,0,1193000000,0.07
130,Australia,2012,0,1193000000,0.07
131,Australia,2013,1,1193000000,0.07
132,Australia,2014,8,1193000000,0.07
133,Australia,2015,12,1193000000,0.07
134,Australia,2016,9,1193000000,0.07
135,Australia,2017,4,1193000000,0.07
136,Australia,2018,3,1193000000,0.07
137,Australia,2019,2,1193000000,0.07
138,Australia,2020,5,1193000000,0.07
139,Australia,2021,1,1193000000,0.07
140,Austria,1994,5,45400000,0.0028
141,Austria,1995,12,45400000,0.0028
142,Austria,1996,4,45400000,0.0028
143,Austria,1997,1,45400000,0.0028
144,Austria,1998,1,45400000,0.0028
145,Austria,1999,0,45400000,0.0028
146,Austria,2000,0,45400000,0.0028
147,Austria,2001,0,45400000,0.0028
148,Austria,2002,0,45400000,0.0028
149,Austria,2003,0,45400000,0.0028
150,Austria,2004,0,45400000,0.0028
151,Austria,2005,0,45400000,0.0028
152,Austria,2006,1,45400000,0.0028
153,Austria,2007,1,45400000,0.0028
154,Austria,2008,7,45400000,0.0028
155,Austria,2009,3,45400000,0.0028
156,Austria,2010,0,45400000,0.0028
157,Austria,2011,1,45400000,0.0028
158,Austria,2012,0,45400000,0.0028
159,Austria,2013,1,45400000,0.0028
160,Austria,2014,0,45400000,0.0028
161,Austria,2015,0,45400000,0.0028
162,Austria,2016,3,45400000,0.0028
163,Austria,2017,1,45400000,0.0028
164,Austria,2018,1,45400000,0.0028
165,Austria,2019,0,45400000,0.0028
166,Austria,2020,4,45400000,0.0028
167,Austria,2021,0,45400000,0.0028
168,Azerbaijan,1994,11,7000000000,0.42
169,Azerbaijan,1995,2,7000000000,0.42
170,Azerbaijan,1996,2,7000000000,0.42
171,Azerbaijan,1997,1,7000000000,0.42
172,Azerbaijan,1998,0,7000000000,0.42
173,Azerbaijan,1999,0,7000000000,0.42
174,Azerbaijan,2000,1,7000000000,0.42
175,Azerbaijan,2001,4,7000000000,0.42
176,Azerbaijan,2002,1,7000000000,0.42
177,Azerbaijan,2003,0,7000000000,0.42
178,Azerbaijan,2004,0,7000000000,0.42
179,Azerbaijan,2005,0,7000000000,0.42
180,Azerbaijan,2006,0,7000000000,0.42
181,Azerbaijan,2007,1,7000000000,0.42
182,Azerbaijan,2008,2,7000000000,0.42
183,Azerbaijan,2009,2,7000000000,0.42
184,Azerbaijan,2010,0,7000000000,0.42
185,Azerbaijan,2011,0,7000000000,0.42
186,Azerbaijan,2012,0,7000000000,0.42
187,Azerbaijan,2013,0,7000000000,0.42
188,Azerbaijan,2014,3,7000000000,0.42
189,Azerbaijan,2015,0,7000000000,0.42
190,Azerbaijan,2016,2,7000000000,0.42
191,Azerbaijan,2017,2,7000000000,0.42
192,Azerbaijan,2018,1,7000000000,0.42
193,Azerbaijan,2019,0,7000000000,0.42
194,Azerbaijan,2020,0,7000000000,0.42
195,Azerbaijan,2021,0,7000000000,0.42
196,Bahrain,1994,1,124560000,0.008
197,Bahrain,1995,8,124560000,0.008
198,Bahrain,1996,16,124560000,0.008
199,Bahrain,1997,11,124560000,0.008
200,Bahrain,1998,0,124560000,0.008
201,Bahrain,1999,0,124560000,0.008
202,Bahrain,2000,0,124560000,0.008
203,Bahrain,2001,0,124560000,0.008
204,Bahrain,2002,0,124560000,0.008
205,Bahrain,2003,1,124560000,0.008
206,Bahrain,2004,0,124560000,0.008
207,Bahrain,2005,0,124560000,0.008
208,Bahrain,2006,1,124560000,0.008
209,Bahrain,2007,0,124560000,0.008
210,Bahrain,2008,1,124560000,0.008
211,Bahrain,2009,0,124560000,0.008
212,Bahrain,2010,2,124560000,0.008
213,Bahrain,2011,1,124560000,0.008
214,Bahrain,2012,26,124560000,0.008
215,Bahrain,2013,52,124560000,0.008
216,Bahrain,2014,42,124560000,0.008
217,Bahrain,2015,18,124560000,0.008
218,Bahrain,2016,3,124560000,0.008
219,Bahrain,2017,21,124560000,0.008
220,Bahrain,2018,1,124560000,0.008
221,Bahrain,2019,0,124560000,0.008
222,Bahrain,2020,0,124560000,0.008
223,Bahrain,2021,0,124560000,0.008
224,Bangladesh,1994,68,28000000,0.0017
225,Bangladesh,1995,74,28000000,0.0017
226,Bangladesh,1996,161,28000000,0.0017
227,Bangladesh,1997,17,28000000,0.0017
228,Bangladesh,1998,2,28000000,0.0017
229,Bangladesh,1999,11,28000000,0.0017
230,Bangladesh,2000,23,28000000,0.0017
231,Bangladesh,2001,15,28000000,0.0017
232,Bangladesh,2002,5,28000000,0.0017
233,Bangladesh,2003,4,28000000,0.0017
234,Bangladesh,2004,11,28000000,0.0017
235,Bangladesh,2005,23,28000000,0.0017
236,Bangladesh,2006,23,28000000,0.0017
237,Bangladesh,2007,9,28000000,0.0017
238,Bangladesh,2008,19,28000000,0.0017
239,Bangladesh,2009,27,28000000,0.0017
240,Bangladesh,2010,22,28000000,0.0017
241,Bangladesh,2011,13,28000000,0.0017
242,Bangladesh,2012,18,28000000,0.0017
243,Bangladesh,2013,138,28000000,0.0017
244,Bangladesh,2014,130,28000000,0.0017
245,Bangladesh,2015,469,28000000,0.0017
246,Bangladesh,2016,89,28000000,0.0017
247,Bangladesh,2017,41,28000000,0.0017
248,Bangladesh,2018,33,28000000,0.0017
249,Bangladesh,2019,32,28000000,0.0017
250,Bangladesh,2020,30,28000000,0.0017
251,Bangladesh,2021,10,28000000,0.0017
252,Barbados,1994,0,2315000,0.0001
253,Barbados,1995,0,2315000,0.0001
254,Barbados,1996,0,2315000,0.0001
255,Barbados,1997,0,2315000,0.0001
256,Barbados,1998,0,2315000,0.0001
257,Barbados,1999,0,2315000,0.0001
258,Barbados,2000,0,2315000,0.0001
259,Barbados,2001,0,2315000,0.0001
260,Barbados,2002,0,2315000,0.0001
261,Barbados,2003,0,2315000,0.0001
262,Barbados,2004,0,2315000,0.0001
263,Barbados,2005,0,2315000,0.0001
264,Barbados,2006,0,2315000,0.0001
265,Barbados,2007,0,2315000,0.0001
266,Barbados,2008,0,2315000,0.0001
267,Barbados,2009,0,2315000,0.0001
268,Barbados,2010,0,2315000,0.0001
269,Barbados,2011,0,2315000,0.0001
270,Barbados,2012,0,2315000,0.0001
271,Barbados,2013,0,2315000,0.0001
272,Barbados,2014,0,2315000,0.0001
273,Barbados,2015,0,2315000,0.0001
274,Barbados,2016,0,2315000,0.0001
275,Barbados,2017,0,2315000,0.0001
276,Barbados,2018,0,2315000,0.0001
277,Barbados,2019,0,2315000,0.0001
278,Barbados,2020,0,2315000,0.0001
279,Barbados,2021,0,2315000,0.0001
280,Belarus,1994,1,198000000,0.012
281,Belarus,1995,0,198000000,0.012
282,Belarus,1996,0,198000000,0.012
283,Belarus,1997,2,198000000,0.012
284,Belarus,1998,0,198000000,0.012
285,Belarus,1999,1,198000000,0.012
286,Belarus,2000,0,198000000,0.012
287,Belarus,2001,1,198000000,0.012
288,Belarus,2002,0,198000000,0.012
289,Belarus,2003,0,198000000,0.012
290,Belarus,2004,0,198000000,0.012
291,Belarus,2005,0,198000000,0.012
292,Belarus,2006,1,198000000,0.012
293,Belarus,2007,0,198000000,0.012
294,Belarus,2008,1,198000000,0.012
295,Belarus,2009,0,198000000,0.012
296,Belarus,2010,2,198000000,0.012
297,Belarus,2011,1,198000000,0.012
298,Belarus,2012,3,198000000,0.012
299,Belarus,2013,0,198000000,0.012
300,Belarus,2014,0,198000000,0.012
301,Belarus,2015,0,198000000,0.012
302,Belarus,2016,0,198000000,0.012
303,Belarus,2017,0,198000000,0.012
304,Belarus,2018,0,198000000,0.012
305,Belarus,2019,0,198000000,0.012
306,Belarus,2020,2,198000000,0.012
307,Belarus,2021,0,198000000,0.012
308,Belize,1994,0,6700000,0.0004
309,Belize,1995,0,6700000,0.0004
310,Belize,1996,0,6700000,0.0004
311,Belize,1997,0,6700000,0.0004
312,Belize,1998,0,6700000,0.0004
313,Belize,1999,0,6700000,0.0004
314,Belize,2000,1,6700000,0.0004
315,Belize,2001,0,6700000,0.0004
316,Belize,2002,0,6700000,0.0004
317,Belize,2003,0,6700000,0.0004
318,Belize,2004,0,6700000,0.0004
319,Belize,2005,0,6700000,0.0004
320,Belize,2006,0,6700000,0.0004
321,Belize,2007,0,6700000,0.0004
322,Belize,2008,0,6700000,0.0004
323,Belize,2009,0,6700000,0.0004
324,Belize,2010,0,6700000,0.0004
325,Belize,2011,0,6700000,0.0004
326,Belize,2012,0,6700000,0.0004
327,Belize,2013,1,6700000,0.0004
328,Belize,2014,0,6700000,0.0004
329,Belize,2015,0,6700000,0.0004
330,Belize,2016,0,6700000,0.0004
331,Belize,2017,0,6700000,0.0004
332,Belize,2018,0,6700000,0.0004
333,Belize,2019,0,6700000,0.0004
334,Belize,2020,0,6700000,0.0004
335,Belize,2021,0,6700000,0.0004
336,Benin,1994,3,8000000,0.0005
337,Benin,1995,1,8000000,0.0005
338,Benin,1996,2,8000000,0.0005
339,Benin,1997,0,8000000,0.0005
340,Benin,1998,0,8000000,0.0005
341,Benin,1999,0,8000000,0.0005
342,Benin,2000,0,8000000,0.0005
343,Benin,2001,0,8000000,0.0005
344,Benin,2002,0,8000000,0.0005
345,Benin,2003,0,8000000,0.0005
346,Benin,2004,0,8000000,0.0005
347,Benin,2005,0,8000000,0.0005
348,Benin,2006,0,8000000,0.0005
349,Benin,2007,1,8000000,0.0005
350,Benin,2008,0,8000000,0.0005
351,Benin,2009,0,8000000,0.0005
352,Benin,2010,0,8000000,0.0005
353,Benin,2011,0,8000000,0.0005
354,Benin,2012,0,8000000,0.0005
355,Benin,2013,0,8000000,0.0005
356,Benin,2014,0,8000000,0.0005
357,Benin,2015,0,8000000,0.0005
358,Benin,2016,0,8000000,0.0005
359,Benin,2017,0,8000000,0.0005
360,Benin,2018,0,8000000,0.0005
361,Benin,2019,1,8000000,0.0005
362,Benin,2020,1,8000000,0.0005
363,Benin,2021,1,8000000,0.0005
364,Bolivia,1994,8,211450000,0.013
365,Bolivia,1995,2,211450000,0.013
366,Bolivia,1996,1,211450000,0.013
367,Bolivia,1997,4,211450000,0.013
368,Bolivia,1998,0,211450000,0.013
369,Bolivia,1999,0,211450000,0.013
370,Bolivia,2000,0,211450000,0.013
371,Bolivia,2001,0,211450000,0.013
372,Bolivia,2002,0,211450000,0.013
373,Bolivia,2003,1,211450000,0.013
374,Bolivia,2004,0,211450000,0.013
375,Bolivia,2005,1,211450000,0.013
376,Bolivia,2006,0,211450000,0.013
377,Bolivia,2007,3,211450000,0.013
378,Bolivia,2008,0,211450000,0.013
379,Bolivia,2009,3,211450000,0.013
380,Bolivia,2010,0,211450000,0.013
381,Bolivia,2011,0,211450000,0.013
382,Bolivia,2012,1,211450000,0.013
383,Bolivia,2013,0,211450000,0.013
384,Bolivia,2014,0,211450000,0.013
385,Bolivia,2015,0,211450000,0.013
386,Bolivia,2016,0,211450000,0.013
387,Bolivia,2017,0,211450000,0.013
388,Bolivia,2018,2,211450000,0.013
389,Bolivia,2019,1,211450000,0.013
390,Bolivia,2020,9,211450000,0.013
391,Bolivia,2021,0,211450000,0.013
392,Brazil,1994,19,16184100000,1.0
393,Brazil,1995,23,16184100000,1.0
394,Brazil,1996,18,16184100000,1.0
395,Brazil,1997,39,16184100000,1.0
396,Brazil,1998,2,16184100000,1.0
397,Brazil,1999,1,16184100000,1.0
398,Brazil,2000,2,16184100000,1.0
399,Brazil,2001,3,16184100000,1.0
400,Brazil,2002,1,16184100000,1.0
401,Brazil,2003,1,16184100000,1.0
402,Brazil,2004,0,16184100000,1.0
403,Brazil,2005,0,16184100000,1.0
404,Brazil,2006,3,16184100000,1.0
405,Brazil,2007,0,16184100000,1.0
406,Brazil,2008,0,16184100000,1.0
407,Brazil,2009,0,16184100000,1.0
408,Brazil,2010,0,16184100000,1.0
409,Brazil,2011,0,16184100000,1.0
410,Brazil,2012,1,16184100000,1.0
411,Brazil,2013,3,16184100000,1.0
412,Brazil,2014,3,16184100000,1.0
413,Brazil,2015,5,16184100000,1.0
414,Brazil,2016,3,16184100000,1.0
415,Brazil,2017,2,16184100000,1.0
416,Brazil,2018,12,16184100000,1.0
417,Brazil,2019,3,16184100000,1.0
418,Brazil,2020,6,16184100000,1.0
419,Brazil,2021,4,16184100000,1.0
420,Brunei,1994,0,1100000000,0.07
421,Brunei,1995,0,1100000000,0.07
422,Brunei,1996,0,1100000000,0.07
423,Brunei,1997,0,1100000000,0.07
424,Brunei,1998,0,1100000000,0.07
425,Brunei,1999,0,1100000000,0.07
426,Brunei,2000,0,1100000000,0.07
427,Brunei,2001,0,1100000000,0.07
428,Brunei,2002,0,1100000000,0.07
429,Brunei,2003,0,1100000000,0.07
430,Brunei,2004,0,1100000000,0.07
431,Brunei,2005,0,1100000000,0.07
432,Brunei,2006,0,1100000000,0.07
433,Brunei,2007,0,1100000000,0.07
434,Brunei,2008,0,1100000000,0.07
435,Brunei,2009,0,1100000000,0.07
436,Brunei,2010,0,1100000000,0.07
437,Brunei,2011,0,1100000000,0.07
438,Brunei,2012,0,1100000000,0.07
439,Brunei,2013,0,1100000000,0.07
440,Brunei,2014,0,1100000000,0.07
441,Brunei,2015,0,1100000000,0.07
442,Brunei,2016,0,1100000000,0.07
443,Brunei,2017,0,1100000000,0.07
444,Brunei,2018,0,1100000000,0.07
445,Brunei,2019,0,1100000000,0.07
446,Brunei,2020,0,1100000000,0.07
447,Brunei,2021,0,1100000000,0.07
448,Bulgaria,1994,2,15000000,0.0009
449,Bulgaria,1995,2,15000000,0.0009
450,Bulgaria,1996,12,15000000,0.0009
451,Bulgaria,1997,3,15000000,0.0009
452,Bulgaria,1998,2,15000000,0.0009
453,Bulgaria,1999,1,15000000,0.0009
454,Bulgaria,2000,2,15000000,0.0009
455,Bulgaria,2001,1,15000000,0.0009
456,Bulgaria,2002,1,15000000,0.0009
457,Bulgaria,2003,0,15000000,0.0009
458,Bulgaria,2004,0,15000000,0.0009
459,Bulgaria,2005,0,15000000,0.0009
460,Bulgaria,2006,0,15000000,0.0009
461,Bulgaria,2007,0,15000000,0.0009
462,Bulgaria,2008,2,15000000,0.0009
463,Bulgaria,2009,0,15000000,0.0009
464,Bulgaria,2010,0,15000000,0.0009
465,Bulgaria,2011,2,15000000,0.0009
466,Bulgaria,2012,2,15000000,0.0009
467,Bulgaria,2013,3,15000000,0.0009
468,Bulgaria,2014,1,15000000,0.0009
469,Bulgaria,2015,2,15000000,0.0009
470,Bulgaria,2016,1,15000000,0.0009
471,Bulgaria,2017,0,15000000,0.0009
472,Bulgaria,2018,1,15000000,0.0009
473,Bulgaria,2019,0,15000000,0.0009
474,Bulgaria,2020,1,15000000,0.0009
475,Bulgaria,2021,0,15000000,0.0009
476,Cameroon,1994,6,200000000,0.012
477,Cameroon,1995,2,200000000,0.012
478,Cameroon,1996,0,200000000,0.012
479,Cameroon,1997,0,200000000,0.012
480,Cameroon,1998,1,200000000,0.012
481,Cameroon,1999,0,200000000,0.012
482,Cameroon,2000,0,200000000,0.012
483,Cameroon,2001,0,200000000,0.012
484,Cameroon,2002,0,200000000,0.012
485,Cameroon,2003,0,200000000,0.012
486,Cameroon,2004,0,200000000,0.012
487,Cameroon,2005,0,200000000,0.012
488,Cameroon,2006,0,200000000,0.012
489,Cameroon,2007,1,200000000,0.012
490,Cameroon,2008,1,200000000,0.012
491,Cameroon,2009,1,200000000,0.012
492,Cameroon,2010,3,200000000,0.012
493,Cameroon,2011,3,200000000,0.012
494,Cameroon,2012,0,200000000,0.012
495,Cameroon,2013,3,200000000,0.012
496,Cameroon,2014,69,200000000,0.012
497,Cameroon,2015,83,200000000,0.012
498,Cameroon,2016,58,200000000,0.012
499,Cameroon,2017,111,200000000,0.012
500,Cameroon,2018,236,200000000,0.012
501,Cameroon,2019,146,200000000,0.012
502,Cameroon,2020,145,200000000,0.012
503,Cameroon,2021,46,200000000,0.012
504,Canada,1994,4,170863000000,10.4
505,Canada,1995,5,170863000000,10.4
506,Canada,1996,1,170863000000,10.4
507,Canada,1997,2,170863000000,10.4
508,Canada,1998,4,170863000000,10.4
509,Canada,1999,2,170863000000,10.4
510,Canada,2000,5,170863000000,10.4
511,Canada,2001,0,170863000000,10.4
512,Canada,2002,0,170863000000,10.4
513,Canada,2003,0,170863000000,10.4
514,Canada,2004,2,170863000000,10.4
515,Canada,2005,0,170863000000,10.4
516,Canada,2006,2,170863000000,10.4
517,Canada,2007,0,170863000000,10.4
518,Canada,2008,5,170863000000,10.4
519,Canada,2009,4,170863000000,10.4
520,Canada,2010,2,170863000000,10.4
521,Canada,2011,0,170863000000,10.4
522,Canada,2012,3,170863000000,10.4
523,Canada,2013,4,170863000000,10.4
524,Canada,2014,3,170863000000,10.4
525,Canada,2015,5,170863000000,10.4
526,Canada,2016,6,170863000000,10.4
527,Canada,2017,16,170863000000,10.4
528,Canada,2018,7,170863000000,10.4
529,Canada,2019,5,170863000000,10.4
530,Canada,2020,14,170863000000,10.4
531,Canada,2021,12,170863000000,10.4
532,Chad,1994,1,1500000000,0.09
533,Chad,1995,3,1500000000,0.09
534,Chad,1996,1,1500000000,0.09
535,Chad,1997,1,1500000000,0.09
536,Chad,1998,1,1500000000,0.09
537,Chad,1999,1,1500000000,0.09
538,Chad,2000,0,1500000000,0.09
539,Chad,2001,0,1500000000,0.09
540,Chad,2002,4,1500000000,0.09
541,Chad,2003,0,1500000000,0.09
542,Chad,2004,0,1500000000,0.09
543,Chad,2005,0,1500000000,0.09
544,Chad,2006,11,1500000000,0.09
545,Chad,2007,7,1500000000,0.09
546,Chad,2008,8,1500000000,0.09
547,Chad,2009,3,1500000000,0.09
548,Chad,2010,1,1500000000,0.09
549,Chad,2011,0,1500000000,0.09
550,Chad,2012,0,1500000000,0.09
551,Chad,2013,0,1500000000,0.09
552,Chad,2014,1,1500000000,0.09
553,Chad,2015,27,1500000000,0.09
554,Chad,2016,5,1500000000,0.09
555,Chad,2017,6,1500000000,0.09
556,Chad,2018,12,1500000000,0.09
557,Chad,2019,14,1500000000,0.09
558,Chad,2020,15,1500000000,0.09
559,Chad,2021,2,1500000000,0.09
560,Chile,1994,15,150000000,0.009
561,Chile,1995,17,150000000,0.009
562,Chile,1996,8,150000000,0.009
563,Chile,1997,6,150000000,0.009
564,Chile,1998,1,150000000,0.009
565,Chile,1999,3,150000000,0.009
566,Chile,2000,2,150000000,0.009
567,Chile,2001,3,150000000,0.009
568,Chile,2002,1,150000000,0.009
569,Chile,2003,2,150000000,0.009
570,Chile,2004,0,150000000,0.009
571,Chile,2005,0,150000000,0.009
572,Chile,2006,1,150000000,0.009
573,Chile,2007,8,150000000,0.009
574,Chile,2008,4,150000000,0.009
575,Chile,2009,8,150000000,0.009
576,Chile,2010,5,150000000,0.009
577,Chile,2011,6,150000000,0.009
578,Chile,2012,2,150000000,0.009
579,Chile,2013,5,150000000,0.009
580,Chile,2014,17,150000000,0.009
581,Chile,2015,1,150000000,0.009
582,Chile,2016,19,150000000,0.009
583,Chile,2017,17,150000000,0.009
584,Chile,2018,47,150000000,0.009
585,Chile,2019,27,150000000,0.009
586,Chile,2020,54,150000000,0.009
587,Chile,2021,45,150000000,0.009
588,China,1994,13,25132122000,1.5
589,China,1995,8,25132122000,1.5
590,China,1996,62,25132122000,1.5
591,China,1997,18,25132122000,1.5
592,China,1998,2,25132122000,1.5
593,China,1999,2,25132122000,1.5
594,China,2000,4,25132122000,1.5
595,China,2001,12,25132122000,1.5
596,China,2002,2,25132122000,1.5
597,China,2003,3,25132122000,1.5
598,China,2004,2,25132122000,1.5
599,China,2005,1,25132122000,1.5
600,China,2006,0,25132122000,1.5
601,China,2007,0,25132122000,1.5
602,China,2008,20,25132122000,1.5
603,China,2009,7,25132122000,1.5
604,China,2010,1,25132122000,1.5
605,China,2011,4,25132122000,1.5
606,China,2012,4,25132122000,1.5
607,China,2013,12,25132122000,1.5
608,China,2014,37,25132122000,1.5
609,China,2015,17,25132122000,1.5
610,China,2016,5,25132122000,1.5
611,China,2017,6,25132122000,1.5
612,China,2018,1,25132122000,1.5
613,China,2019,14,25132122000,1.5
614,China,2020,21,25132122000,1.5
615,China,2021,5,25132122000,1.5
616,Colombia,1994,201,2308000000,0.14
617,Colombia,1995,123,2308000000,0.14
618,Colombia,1996,409,2308000000,0.14
619,Colombia,1997,598,2308000000,0.14
620,Colombia,1998,94,2308000000,0.14
621,Colombia,1999,116,2308000000,0.14
622,Colombia,2000,137,2308000000,0.14
623,Colombia,2001,207,2308000000,0.14
624,Colombia,2002,150,2308000000,0.14
625,Colombia,2003,98,2308000000,0.14
626,Colombia,2004,37,2308000000,0.14
627,Colombia,2005,42,2308000000,0.14
628,Colombia,2006,43,2308000000,0.14
629,Colombia,2007,30,2308000000,0.14
630,Colombia,2008,133,2308000000,0.14
631,Colombia,2009,138,2308000000,0.14
632,Colombia,2010,136,2308000000,0.14
633,Colombia,2011,94,2308000000,0.14
634,Colombia,2012,115,2308000000,0.14
635,Colombia,2013,149,2308000000,0.14
636,Colombia,2014,231,2308000000,0.14
637,Colombia,2015,136,2308000000,0.14
638,Colombia,2016,110,2308000000,0.14
639,Colombia,2017,119,2308000000,0.14
640,Colombia,2018,206,2308000000,0.14
641,Colombia,2019,230,2308000000,0.14
642,Colombia,2020,171,2308000000,0.14
643,Colombia,2021,76,2308000000,0.14
644,Croatia,1994,4,71000000,0.0043
645,Croatia,1995,1,71000000,0.0043
646,Croatia,1996,3,71000000,0.0043
647,Croatia,1997,8,71000000,0.0043
648,Croatia,1998,0,71000000,0.0043
649,Croatia,1999,0,71000000,0.0043
650,Croatia,2000,2,71000000,0.0043
651,Croatia,2001,3,71000000,0.0043
652,Croatia,2002,0,71000000,0.0043
653,Croatia,2003,0,71000000,0.0043
654,Croatia,2004,0,71000000,0.0043
655,Croatia,2005,1,71000000,0.0043
656,Croatia,2006,0,71000000,0.0043
657,Croatia,2007,0,71000000,0.0043
658,Croatia,2008,2,71000000,0.0043
659,Croatia,2009,1,71000000,0.0043
660,Croatia,2010,0,71000000,0.0043
661,Croatia,2011,0,71000000,0.0043
662,Croatia,2012,0,71000000,0.0043
663,Croatia,2013,2,71000000,0.0043
664,Croatia,2014,0,71000000,0.0043
665,Croatia,2015,0,71000000,0.0043
666,Croatia,2016,0,71000000,0.0043
667,Croatia,2017,0,71000000,0.0043
668,Croatia,2018,0,71000000,0.0043
669,Croatia,2019,0,71000000,0.0043
670,Croatia,2020,1,71000000,0.0043
671,Croatia,2021,0,71000000,0.0043
672,Cuba,1994,9,124000000,0.008
673,Cuba,1995,0,124000000,0.008
674,Cuba,1996,1,124000000,0.008
675,Cuba,1997,14,124000000,0.008
676,Cuba,1998,0,124000000,0.008
677,Cuba,1999,0,124000000,0.008
678,Cuba,2000,0,124000000,0.008
679,Cuba,2001,0,124000000,0.008
680,Cuba,2002,0,124000000,0.008
681,Cuba,2003,0,124000000,0.008
682,Cuba,2004,0,124000000,0.008
683,Cuba,2005,0,124000000,0.008
684,Cuba,2006,0,124000000,0.008
685,Cuba,2007,1,124000000,0.008
686,Cuba,2008,0,124000000,0.008
687,Cuba,2009,0,124000000,0.008
688,Cuba,2010,0,124000000,0.008
689,Cuba,2011,0,124000000,0.008
690,Cuba,2012,0,124000000,0.008
691,Cuba,2013,0,124000000,0.008
692,Cuba,2014,0,124000000,0.008
693,Cuba,2015,0,124000000,0.008
694,Cuba,2016,0,124000000,0.008
695,Cuba,2017,0,124000000,0.008
696,Cuba,2018,0,124000000,0.008
697,Cuba,2019,0,124000000,0.008
698,Cuba,2020,0,124000000,0.008
699,Cuba,2021,0,124000000,0.008
700,Democratic Republic of Congo,1994,0,180000000,0.011
701,Democratic Republic of Congo,1995,0,180000000,0.011
702,Democratic Republic of Congo,1996,0,180000000,0.011
703,Democratic Republic of Congo,1997,1,180000000,0.011
704,Democratic Republic of Congo,1998,4,180000000,0.011
705,Democratic Republic of Congo,1999,3,180000000,0.011
706,Democratic Republic of Congo,2000,3,180000000,0.011
707,Democratic Republic of Congo,2001,5,180000000,0.011
708,Democratic Republic of Congo,2002,7,180000000,0.011
709,Democratic Republic of Congo,2003,6,180000000,0.011
710,Democratic Republic of Congo,2004,5,180000000,0.011
711,Democratic Republic of Congo,2005,5,180000000,0.011
712,Democratic Republic of Congo,2006,5,180000000,0.011
713,Democratic Republic of Congo,2007,11,180000000,0.011
714,Democratic Republic of Congo,2008,20,180000000,0.011
715,Democratic Republic of Congo,2009,54,180000000,0.011
716,Democratic Republic of Congo,2010,18,180000000,0.011
717,Democratic Republic of Congo,2011,16,180000000,0.011
718,Democratic Republic of Congo,2012,25,180000000,0.011
719,Democratic Republic of Congo,2013,22,180000000,0.011
720,Democratic Republic of Congo,2014,110,180000000,0.011
721,Democratic Republic of Congo,2015,143,180000000,0.011
722,Democratic Republic of Congo,2016,169,180000000,0.011
723,Democratic Republic of Congo,2017,143,180000000,0.011
724,Democratic Republic of Congo,2018,163,180000000,0.011
725,Democratic Republic of Congo,2019,250,180000000,0.011
726,Democratic Republic of Congo,2020,310,180000000,0.011
727,Democratic Republic of Congo,2021,142,180000000,0.011
728,Denmark,1994,0,551000000,0.033
729,Denmark,1995,6,551000000,0.033
730,Denmark,1996,0,551000000,0.033
731,Denmark,1997,0,551000000,0.033
732,Denmark,1998,0,551000000,0.033
733,Denmark,1999,1,551000000,0.033
734,Denmark,2000,0,551000000,0.033
735,Denmark,2001,0,551000000,0.033
736,Denmark,2002,0,551000000,0.033
737,Denmark,2003,0,551000000,0.033
738,Denmark,2004,0,551000000,0.033
739,Denmark,2005,0,551000000,0.033
740,Denmark,2006,0,551000000,0.033
741,Denmark,2007,0,551000000,0.033
742,Denmark,2008,1,551000000,0.033
743,Denmark,2009,0,551000000,0.033
744,Denmark,2010,1,551000000,0.033
745,Denmark,2011,0,551000000,0.033
746,Denmark,2012,0,551000000,0.033
747,Denmark,2013,1,551000000,0.033
748,Denmark,2014,0,551000000,0.033
749,Denmark,2015,5,551000000,0.033
750,Denmark,2016,1,551000000,0.033
751,Denmark,2017,0,551000000,0.033
752,Denmark,2018,1,551000000,0.033
753,Denmark,2019,2,551000000,0.033
754,Denmark,2020,0,551000000,0.033
755,Denmark,2021,0,551000000,0.033
756,Ecuador,1994,6,8273000000,0.5
757,Ecuador,1995,6,8273000000,0.5
758,Ecuador,1996,5,8273000000,0.5
759,Ecuador,1997,4,8273000000,0.5
760,Ecuador,1998,3,8273000000,0.5
761,Ecuador,1999,2,8273000000,0.5
762,Ecuador,2000,4,8273000000,0.5
763,Ecuador,2001,5,8273000000,0.5
764,Ecuador,2002,2,8273000000,0.5
765,Ecuador,2003,4,8273000000,0.5
766,Ecuador,2004,2,8273000000,0.5
767,Ecuador,2005,0,8273000000,0.5
768,Ecuador,2006,0,8273000000,0.5
769,Ecuador,2007,0,8273000000,0.5
770,Ecuador,2008,2,8273000000,0.5
771,Ecuador,2009,3,8273000000,0.5
772,Ecuador,2010,0,8273000000,0.5
773,Ecuador,2011,1,8273000000,0.5
774,Ecuador,2012,1,8273000000,0.5
775,Ecuador,2013,2,8273000000,0.5
776,Ecuador,2014,0,8273000000,0.5
777,Ecuador,2015,1,8273000000,0.5
778,Ecuador,2016,6,8273000000,0.5
779,Ecuador,2017,3,8273000000,0.5
780,Ecuador,2018,11,8273000000,0.5
781,Ecuador,2019,3,8273000000,0.5
782,Ecuador,2020,5,8273000000,0.5
783,Ecuador,2021,0,8273000000,0.5
784,Egypt,1994,143,4400000000,0.27
785,Egypt,1995,102,4400000000,0.27
786,Egypt,1996,51,4400000000,0.27
787,Egypt,1997,22,4400000000,0.27
788,Egypt,1998,3,4400000000,0.27
789,Egypt,1999,1,4400000000,0.27
790,Egypt,2000,0,4400000000,0.27
791,Egypt,2001,0,4400000000,0.27
792,Egypt,2002,0,4400000000,0.27
793,Egypt,2003,0,4400000000,0.27
794,Egypt,2004,3,4400000000,0.27
795,Egypt,2005,2,4400000000,0.27
796,Egypt,2006,5,4400000000,0.27
797,Egypt,2007,0,4400000000,0.27
798,Egypt,2008,1,4400000000,0.27
799,Egypt,2009,2,4400000000,0.27
800,Egypt,2010,2,4400000000,0.27
801,Egypt,2011,18,4400000000,0.27
802,Egypt,2012,49,4400000000,0.27
803,Egypt,2013,321,4400000000,0.27
804,Egypt,2014,354,4400000000,0.27
805,Egypt,2015,647,4400000000,0.27
806,Egypt,2016,376,4400000000,0.27
807,Egypt,2017,225,4400000000,0.27
808,Egypt,2018,54,4400000000,0.27
809,Egypt,2019,63,4400000000,0.27
810,Egypt,2020,57,4400000000,0.27
811,Egypt,2021,11,4400000000,0.27
812,Equatorial Guinea,1994,0,1100000000,0.07
813,Equatorial Guinea,1995,0,1100000000,0.07
814,Equatorial Guinea,1996,0,1100000000,0.07
815,Equatorial Guinea,1997,0,1100000000,0.07
816,Equatorial Guinea,1998,0,1100000000,0.07
817,Equatorial Guinea,1999,0,1100000000,0.07
818,Equatorial Guinea,2000,0,1100000000,0.07
819,Equatorial Guinea,2001,0,1100000000,0.07
820,Equatorial Guinea,2002,0,1100000000,0.07
821,Equatorial Guinea,2003,0,1100000000,0.07
822,Equatorial Guinea,2004,0,1100000000,0.07
823,Equatorial Guinea,2005,0,1100000000,0.07
824,Equatorial Guinea,2006,0,1100000000,0.07
825,Equatorial Guinea,2007,0,1100000000,0.07
826,Equatorial Guinea,2008,0,1100000000,0.07
827,Equatorial Guinea,2009,1,1100000000,0.07
828,Equatorial Guinea,2010,0,1100000000,0.07
829,Equatorial Guinea,2011,0,1100000000,0.07
830,Equatorial Guinea,2012,0,1100000000,0.07
831,Equatorial Guinea,2013,0,1100000000,0.07
832,Equatorial Guinea,2014,0,1100000000,0.07
833,Equatorial Guinea,2015,0,1100000000,0.07
834,Equatorial Guinea,2016,0,1100000000,0.07
835,Equatorial Guinea,2017,0,1100000000,0.07
836,Equatorial Guinea,2018,0,1100000000,0.07
837,Equatorial Guinea,2019,0,1100000000,0.07
838,Equatorial Guinea,2020,0,1100000000,0.07
839,Equatorial Guinea,2021,0,1100000000,0.07
840,Ethiopia,1994,4,428000,0.0
841,Ethiopia,1995,5,428000,0.0
842,Ethiopia,1996,7,428000,0.0
843,Ethiopia,1997,6,428000,0.0
844,Ethiopia,1998,0,428000,0.0
845,Ethiopia,1999,2,428000,0.0
846,Ethiopia,2000,1,428000,0.0
847,Ethiopia,2001,0,428000,0.0
848,Ethiopia,2002,3,428000,0.0
849,Ethiopia,2003,1,428000,0.0
850,Ethiopia,2004,2,428000,0.0
851,Ethiopia,2005,5,428000,0.0
852,Ethiopia,2006,11,428000,0.0
853,Ethiopia,2007,5,428000,0.0
854,Ethiopia,2008,8,428000,0.0
855,Ethiopia,2009,2,428000,0.0
856,Ethiopia,2010,2,428000,0.0
857,Ethiopia,2011,3,428000,0.0
858,Ethiopia,2012,3,428000,0.0
859,Ethiopia,2013,5,428000,0.0
860,Ethiopia,2014,2,428000,0.0
861,Ethiopia,2015,7,428000,0.0
862,Ethiopia,2016,13,428000,0.0
863,Ethiopia,2017,28,428000,0.0
864,Ethiopia,2018,10,428000,0.0
865,Ethiopia,2019,26,428000,0.0
866,Ethiopia,2020,53,428000,0.0
867,Ethiopia,2021,36,428000,0.0
868,France,1994,97,78431000,0.0048
869,France,1995,71,78431000,0.0048
870,France,1996,270,78431000,0.0048
871,France,1997,130,78431000,0.0048
872,France,1998,12,78431000,0.0048
873,France,1999,46,78431000,0.0048
874,France,2000,28,78431000,0.0048
875,France,2001,21,78431000,0.0048
876,France,2002,32,78431000,0.0048
877,France,2003,34,78431000,0.0048
878,France,2004,11,78431000,0.0048
879,France,2005,33,78431000,0.0048
880,France,2006,34,78431000,0.0048
881,France,2007,16,78431000,0.0048
882,France,2008,13,78431000,0.0048
883,France,2009,9,78431000,0.0048
884,France,2010,3,78431000,0.0048
885,France,2011,8,78431000,0.0048
886,France,2012,66,78431000,0.0048
887,France,2013,18,78431000,0.0048
888,France,2014,14,78431000,0.0048
889,France,2015,38,78431000,0.0048
890,France,2016,25,78431000,0.0048
891,France,2017,42,78431000,0.0048
892,France,2018,13,78431000,0.0048
893,France,2019,21,78431000,0.0048
894,France,2020,24,78431000,0.0048
895,France,2021,19,78431000,0.0048
896,Gabon,1994,1,2000000000,0.12
897,Gabon,1995,0,2000000000,0.12
898,Gabon,1996,1,2000000000,0.12
899,Gabon,1997,1,2000000000,0.12
900,Gabon,1998,0,2000000000,0.12
901,Gabon,1999,0,2000000000,0.12
902,Gabon,2000,0,2000000000,0.12
903,Gabon,2001,0,2000000000,0.12
904,Gabon,2002,0,2000000000,0.12
905,Gabon,2003,0,2000000000,0.12
906,Gabon,2004,0,2000000000,0.12
907,Gabon,2005,0,2000000000,0.12
908,Gabon,2006,0,2000000000,0.12
909,Gabon,2007,0,2000000000,0.12
910,Gabon,2008,0,2000000000,0.12
911,Gabon,2009,0,2000000000,0.12
912,Gabon,2010,0,2000000000,0.12
913,Gabon,2011,0,2000000000,0.12
914,Gabon,2012,0,2000000000,0.12
915,Gabon,2013,0,2000000000,0.12
916,Gabon,2014,0,2000000000,0.12
917,Gabon,2015,0,2000000000,0.12
918,Gabon,2016,0,2000000000,0.12
919,Gabon,2017,4,2000000000,0.12
920,Gabon,2018,0,2000000000,0.12
921,Gabon,2019,1,2000000000,0.12
922,Gabon,2020,0,2000000000,0.12
923,Gabon,2021,0,2000000000,0.12
924,Georgia,1994,18,35000000,0.0021
925,Georgia,1995,17,35000000,0.0021
926,Georgia,1996,3,35000000,0.0021
927,Georgia,1997,6,35000000,0.0021
928,Georgia,1998,12,35000000,0.0021
929,Georgia,1999,7,35000000,0.0021
930,Georgia,2000,7,35000000,0.0021
931,Georgia,2001,4,35000000,0.0021
932,Georgia,2002,2,35000000,0.0021
933,Georgia,2003,6,35000000,0.0021
934,Georgia,2004,3,35000000,0.0021
935,Georgia,2005,6,35000000,0.0021
936,Georgia,2006,3,35000000,0.0021
937,Georgia,2007,0,35000000,0.0021
938,Georgia,2008,33,35000000,0.0021
939,Georgia,2009,25,35000000,0.0021
940,Georgia,2010,7,35000000,0.0021
941,Georgia,2011,3,35000000,0.0021
942,Georgia,2012,3,35000000,0.0021
943,Georgia,2013,2,35000000,0.0021
944,Georgia,2014,2,35000000,0.0021
945,Georgia,2015,1,35000000,0.0021
946,Georgia,2016,4,35000000,0.0021
947,Georgia,2017,1,35000000,0.0021
948,Georgia,2018,1,35000000,0.0021
949,Georgia,2019,0,35000000,0.0021
950,Georgia,2020,1,35000000,0.0021
951,Georgia,2021,0,35000000,0.0021
952,Germany,1994,79,132480000,0.008
953,Germany,1995,147,132480000,0.008
954,Germany,1996,52,132480000,0.008
955,Germany,1997,12,132480000,0.008
956,Germany,1998,6,132480000,0.008
957,Germany,1999,13,132480000,0.008
958,Germany,2000,8,132480000,0.008
959,Germany,2001,8,132480000,0.008
960,Germany,2002,3,132480000,0.008
961,Germany,2003,2,132480000,0.008
962,Germany,2004,3,132480000,0.008
963,Germany,2005,3,132480000,0.008
964,Germany,2006,4,132480000,0.008
965,Germany,2007,3,132480000,0.008
966,Germany,2008,3,132480000,0.008
967,Germany,2009,4,132480000,0.008
968,Germany,2010,1,132480000,0.008
969,Germany,2011,8,132480000,0.008
970,Germany,2012,5,132480000,0.008
971,Germany,2013,0,132480000,0.008
972,Germany,2014,14,132480000,0.008
973,Germany,2015,68,132480000,0.008
974,Germany,2016,45,132480000,0.008
975,Germany,2017,28,132480000,0.008
976,Germany,2018,24,132480000,0.008
977,Germany,2019,17,132480000,0.008
978,Germany,2020,33,132480000,0.008
979,Germany,2021,13,132480000,0.008
980,Ghana,1994,4,660000000,0.04
981,Ghana,1995,1,660000000,0.04
982,Ghana,1996,2,660000000,0.04
983,Ghana,1997,1,660000000,0.04
984,Ghana,1998,0,660000000,0.04
985,Ghana,1999,0,660000000,0.04
986,Ghana,2000,0,660000000,0.04
987,Ghana,2001,0,660000000,0.04
988,Ghana,2002,0,660000000,0.04
989,Ghana,2003,0,660000000,0.04
990,Ghana,2004,0,660000000,0.04
991,Ghana,2005,0,660000000,0.04
992,Ghana,2006,0,660000000,0.04
993,Ghana,2007,0,660000000,0.04
994,Ghana,2008,0,660000000,0.04
995,Ghana,2009,0,660000000,0.04
996,Ghana,2010,0,660000000,0.04
997,Ghana,2011,0,660000000,0.04
998,Ghana,2012,0,660000000,0.04
999,Ghana,2013,0,660000000,0.04
1000,Ghana,2014,1,660000000,0.04
1001,Ghana,2015,0,660000000,0.04
1002,Ghana,2016,1,660000000,0.04
1003,Ghana,2017,0,660000000,0.04
1004,Ghana,2018,2,660000000,0.04
1005,Ghana,2019,3,660000000,0.04
1006,Ghana,2020,10,660000000,0.04
1007,Ghana,2021,1,660000000,0.04
1008,Greece,1994,42,10000000,0.0006
1009,Greece,1995,8,10000000,0.0006
1010,Greece,1996,20,10000000,0.0006
1011,Greece,1997,21,10000000,0.0006
1012,Greece,1998,28,10000000,0.0006
1013,Greece,1999,35,10000000,0.0006
1014,Greece,2000,28,10000000,0.0006
1015,Greece,2001,14,10000000,0.0006
1016,Greece,2002,10,10000000,0.0006
1017,Greece,2003,12,10000000,0.0006
1018,Greece,2004,4,10000000,0.0006
1019,Greece,2005,6,10000000,0.0006
1020,Greece,2006,23,10000000,0.0006
1021,Greece,2007,15,10000000,0.0006
1022,Greece,2008,53,10000000,0.0006
1023,Greece,2009,115,10000000,0.0006
1024,Greece,2010,49,10000000,0.0006
1025,Greece,2011,11,10000000,0.0006
1026,Greece,2012,24,10000000,0.0006
1027,Greece,2013,56,10000000,0.0006
1028,Greece,2014,27,10000000,0.0006
1029,Greece,2015,30,10000000,0.0006
1030,Greece,2016,30,10000000,0.0006
1031,Greece,2017,44,10000000,0.0006
1032,Greece,2018,26,10000000,0.0006
1033,Greece,2019,32,10000000,0.0006
1034,Greece,2020,50,10000000,0.0006
1035,Greece,2021,11,10000000,0.0006
1036,Guatemala,1994,84,83070000,0.005
1037,Guatemala,1995,82,83070000,0.005
1038,Guatemala,1996,26,83070000,0.005
1039,Guatemala,1997,26,83070000,0.005
1040,Guatemala,1998,0,83070000,0.005
1041,Guatemala,1999,1,83070000,0.005
1042,Guatemala,2000,1,83070000,0.005
1043,Guatemala,2001,2,83070000,0.005
1044,Guatemala,2002,0,83070000,0.005
1045,Guatemala,2003,3,83070000,0.005
1046,Guatemala,2004,2,83070000,0.005
1047,Guatemala,2005,0,83070000,0.005
1048,Guatemala,2006,4,83070000,0.005
1049,Guatemala,2007,0,83070000,0.005
1050,Guatemala,2008,0,83070000,0.005
1051,Guatemala,2009,0,83070000,0.005
1052,Guatemala,2010,0,83070000,0.005
1053,Guatemala,2011,0,83070000,0.005
1054,Guatemala,2012,1,83070000,0.005
1055,Guatemala,2013,6,83070000,0.005
1056,Guatemala,2014,0,83070000,0.005
1057,Guatemala,2015,0,83070000,0.005
1058,Guatemala,2016,0,83070000,0.005
1059,Guatemala,2017,0,83070000,0.005
1060,Guatemala,2018,2,83070000,0.005
1061,Guatemala,2019,0,83070000,0.005
1062,Guatemala,2020,3,83070000,0.005
1063,Guatemala,2021,1,83070000,0.005
1064,Hungary,1994,2,28600000,0.0017
1065,Hungary,1995,0,28600000,0.0017
1066,Hungary,1996,13,28600000,0.0017
1067,Hungary,1997,17,28600000,0.0017
1068,Hungary,1998,2,28600000,0.0017
1069,Hungary,1999,0,28600000,0.0017
1070,Hungary,2000,0,28600000,0.0017
1071,Hungary,2001,1,28600000,0.0017
1072,Hungary,2002,0,28600000,0.0017
1073,Hungary,2003,0,28600000,0.0017
1074,Hungary,2004,0,28600000,0.0017
1075,Hungary,2005,0,28600000,0.0017
1076,Hungary,2006,0,28600000,0.0017
1077,Hungary,2007,0,28600000,0.0017
1078,Hungary,2008,2,28600000,0.0017
1079,Hungary,2009,1,28600000,0.0017
1080,Hungary,2010,0,28600000,0.0017
1081,Hungary,2011,0,28600000,0.0017
1082,Hungary,2012,0,28600000,0.0017
1083,Hungary,2013,0,28600000,0.0017
1084,Hungary,2014,1,28600000,0.0017
1085,Hungary,2015,1,28600000,0.0017
1086,Hungary,2016,1,28600000,0.0017
1087,Hungary,2017,0,28600000,0.0017
1088,Hungary,2018,0,28600000,0.0017
1089,Hungary,2019,1,28600000,0.0017
1090,Hungary,2020,0,28600000,0.0017
1091,Hungary,2021,0,28600000,0.0017
1092,India,1994,107,4728790000,0.29
1093,India,1995,179,4728790000,0.29
1094,India,1996,213,4728790000,0.29
1095,India,1997,193,4728790000,0.29
1096,India,1998,61,4728790000,0.29
1097,India,1999,112,4728790000,0.29
1098,India,2000,180,4728790000,0.29
1099,India,2001,234,4728790000,0.29
1100,India,2002,184,4728790000,0.29
1101,India,2003,196,4728790000,0.29
1102,India,2004,108,4728790000,0.29
1103,India,2005,146,4728790000,0.29
1104,India,2006,167,4728790000,0.29
1105,India,2007,150,4728790000,0.29
1106,India,2008,535,4728790000,0.29
1107,India,2009,672,4728790000,0.29
1108,India,2010,663,4728790000,0.29
1109,India,2011,645,4728790000,0.29
1110,India,2012,613,4728790000,0.29
1111,India,2013,694,4728790000,0.29
1112,India,2014,860,4728790000,0.29
1113,India,2015,885,4728790000,0.29
1114,India,2016,1027,4728790000,0.29
1115,India,2017,967,4728790000,0.29
1116,India,2018,889,4728790000,0.29
1117,India,2019,622,4728790000,0.29
1118,India,2020,450,4728790000,0.29
1119,India,2021,235,4728790000,0.29
1120,Indonesia,1994,5,3692500000,0.22
1121,Indonesia,1995,24,3692500000,0.22
1122,Indonesia,1996,65,3692500000,0.22
1123,Indonesia,1997,27,3692500000,0.22
1124,Indonesia,1998,3,3692500000,0.22
1125,Indonesia,1999,60,3692500000,0.22
1126,Indonesia,2000,101,3692500000,0.22
1127,Indonesia,2001,106,3692500000,0.22
1128,Indonesia,2002,43,3692500000,0.22
1129,Indonesia,2003,18,3692500000,0.22
1130,Indonesia,2004,17,3692500000,0.22
1131,Indonesia,2005,15,3692500000,0.22
1132,Indonesia,2006,10,3692500000,0.22
1133,Indonesia,2007,2,3692500000,0.22
1134,Indonesia,2008,13,3692500000,0.22
1135,Indonesia,2009,19,3692500000,0.22
1136,Indonesia,2010,4,3692500000,0.22
1137,Indonesia,2011,21,3692500000,0.22
1138,Indonesia,2012,39,3692500000,0.22
1139,Indonesia,2013,32,3692500000,0.22
1140,Indonesia,2014,35,3692500000,0.22
1141,Indonesia,2015,29,3692500000,0.22
1142,Indonesia,2016,19,3692500000,0.22
1143,Indonesia,2017,27,3692500000,0.22
1144,Indonesia,2018,43,3692500000,0.22
1145,Indonesia,2019,26,3692500000,0.22
1146,Indonesia,2020,19,3692500000,0.22
1147,Indonesia,2021,26,3692500000,0.22
1148,Iran,1994,43,157530000000,9.5
1149,Iran,1995,8,157530000000,9.5
1150,Iran,1996,3,157530000000,9.5
1151,Iran,1997,0,157530000000,9.5
1152,Iran,1998,5,157530000000,9.5
1153,Iran,1999,8,157530000000,9.5
1154,Iran,2000,15,157530000000,9.5
1155,Iran,2001,4,157530000000,9.5
1156,Iran,2002,0,157530000000,9.5
1157,Iran,2003,2,157530000000,9.5
1158,Iran,2004,0,157530000000,9.5
1159,Iran,2005,5,157530000000,9.5
1160,Iran,2006,14,157530000000,9.5
1161,Iran,2007,9,157530000000,9.5
1162,Iran,2008,8,157530000000,9.5
1163,Iran,2009,15,157530000000,9.5
1164,Iran,2010,14,157530000000,9.5
1165,Iran,2011,13,157530000000,9.5
1166,Iran,2012,5,157530000000,9.5
1167,Iran,2013,11,157530000000,9.5
1168,Iran,2014,9,157530000000,9.5
1169,Iran,2015,9,157530000000,9.5
1170,Iran,2016,10,157530000000,9.5
1171,Iran,2017,11,157530000000,9.5
1172,Iran,2018,13,157530000000,9.5
1173,Iran,2019,8,157530000000,9.5
1174,Iran,2020,7,157530000000,9.5
1175,Iran,2021,4,157530000000,9.5
1176,Iraq,1994,18,143069000000,8.7
1177,Iraq,1995,17,143069000000,8.7
1178,Iraq,1996,12,143069000000,8.7
1179,Iraq,1997,21,143069000000,8.7
1180,Iraq,1998,7,143069000000,8.7
1181,Iraq,1999,12,143069000000,8.7
1182,Iraq,2000,10,143069000000,8.7
1183,Iraq,2001,3,143069000000,8.7
1184,Iraq,2002,6,143069000000,8.7
1185,Iraq,2003,102,143069000000,8.7
1186,Iraq,2004,323,143069000000,8.7
1187,Iraq,2005,617,143069000000,8.7
1188,Iraq,2006,837,143069000000,8.7
1189,Iraq,2007,1045,143069000000,8.7
1190,Iraq,2008,1106,143069000000,8.7
1191,Iraq,2009,1137,143069000000,8.7
1192,Iraq,2010,1179,143069000000,8.7
1193,Iraq,2011,1308,143069000000,8.7
1194,Iraq,2012,1435,143069000000,8.7
1195,Iraq,2013,2852,143069000000,8.7
1196,Iraq,2014,3934,143069000000,8.7
1197,Iraq,2015,2751,143069000000,8.7
1198,Iraq,2016,3395,143069000000,8.7
1199,Iraq,2017,2548,143069000000,8.7
1200,Iraq,2018,1364,143069000000,8.7
1201,Iraq,2019,644,143069000000,8.7
1202,Iraq,2020,764,143069000000,8.7
1203,Iraq,2021,547,143069000000,8.7
1204,Israel,1994,41,13953000,0.0008
1205,Israel,1995,12,13953000,0.0008
1206,Israel,1996,18,13953000,0.0008
1207,Israel,1997,12,13953000,0.0008
1208,Israel,1998,12,13953000,0.0008
1209,Israel,1999,8,13953000,0.0008
1210,Israel,2000,13,13953000,0.0008
1211,Israel,2001,70,13953000,0.0008
1212,Israel,2002,71,13953000,0.0008
1213,Israel,2003,34,13953000,0.0008
1214,Israel,2004,18,13953000,0.0008
1215,Israel,2005,28,13953000,0.0008
1216,Israel,2006,79,13953000,0.0008
1217,Israel,2007,49,13953000,0.0008
1218,Israel,2008,129,13953000,0.0008
1219,Israel,2009,36,13953000,0.0008
1220,Israel,2010,14,13953000,0.0008
1221,Israel,2011,51,13953000,0.0008
1222,Israel,2012,59,13953000,0.0008
1223,Israel,2013,37,13953000,0.0008
1224,Israel,2014,293,13953000,0.0008
1225,Israel,2015,58,13953000,0.0008
1226,Israel,2016,50,13953000,0.0008
1227,Israel,2017,34,13953000,0.0008
1228,Israel,2018,63,13953000,0.0008
1229,Israel,2019,65,13953000,0.0008
1230,Israel,2020,67,13953000,0.0008
1231,Israel,2021,101,13953000,0.0008
1232,Italy,1994,18,579232000,0.035
1233,Italy,1995,1,579232000,0.035
1234,Italy,1996,8,579232000,0.035
1235,Italy,1997,8,579232000,0.035
1236,Italy,1998,6,579232000,0.035
1237,Italy,1999,7,579232000,0.035
1238,Italy,2000,8,579232000,0.035
1239,Italy,2001,11,579232000,0.035
1240,Italy,2002,7,579232000,0.035
1241,Italy,2003,15,579232000,0.035
1242,Italy,2004,3,579232000,0.035
1243,Italy,2005,6,579232000,0.035
1244,Italy,2006,4,579232000,0.035
1245,Italy,2007,0,579232000,0.035
1246,Italy,2008,1,579232000,0.035
1247,Italy,2009,4,579232000,0.035
1248,Italy,2010,10,579232000,0.035
1249,Italy,2011,5,579232000,0.035
1250,Italy,2012,10,579232000,0.035
1251,Italy,2013,7,579232000,0.035
1252,Italy,2014,7,579232000,0.035
1253,Italy,2015,6,579232000,0.035
1254,Italy,2016,11,579232000,0.035
1255,Italy,2017,10,579232000,0.035
1256,Italy,2018,15,579232000,0.035
1257,Italy,2019,8,579232000,0.035
1258,Italy,2020,13,579232000,0.035
1259,Italy,2021,3,579232000,0.035
1260,Japan,1994,9,44115000,0.0027
1261,Japan,1995,20,44115000,0.0027
1262,Japan,1996,8,44115000,0.0027
1263,Japan,1997,5,44115000,0.0027
1264,Japan,1998,1,44115000,0.0027
1265,Japan,1999,2,44115000,0.0027
1266,Japan,2000,13,44115000,0.0027
1267,Japan,2001,3,44115000,0.0027
1268,Japan,2002,2,44115000,0.0027
1269,Japan,2003,2,44115000,0.0027
1270,Japan,2004,0,44115000,0.0027
1271,Japan,2005,0,44115000,0.0027
1272,Japan,2006,0,44115000,0.0027
1273,Japan,2007,0,44115000,0.0027
1274,Japan,2008,3,44115000,0.0027
1275,Japan,2009,1,44115000,0.0027
1276,Japan,2010,0,44115000,0.0027
1277,Japan,2011,0,44115000,0.0027
1278,Japan,2012,0,44115000,0.0027
1279,Japan,2013,1,44115000,0.0027
1280,Japan,2014,5,44115000,0.0027
1281,Japan,2015,10,44115000,0.0027
1282,Japan,2016,1,44115000,0.0027
1283,Japan,2017,0,44115000,0.0027
1284,Japan,2018,1,44115000,0.0027
1285,Japan,2019,2,44115000,0.0027
1286,Japan,2020,0,44115000,0.0027
1287,Japan,2021,0,44115000,0.0027
1288,Jordan,1994,6,1000000,0.0001
1289,Jordan,1995,3,1000000,0.0001
1290,Jordan,1996,2,1000000,0.0001
1291,Jordan,1997,3,1000000,0.0001
1292,Jordan,1998,1,1000000,0.0001
1293,Jordan,1999,2,1000000,0.0001
1294,Jordan,2000,2,1000000,0.0001
1295,Jordan,2001,2,1000000,0.0001
1296,Jordan,2002,2,1000000,0.0001
1297,Jordan,2003,0,1000000,0.0001
1298,Jordan,2004,0,1000000,0.0001
1299,Jordan,2005,4,1000000,0.0001
1300,Jordan,2006,1,1000000,0.0001
1301,Jordan,2007,0,1000000,0.0001
1302,Jordan,2008,0,1000000,0.0001
1303,Jordan,2009,0,1000000,0.0001
1304,Jordan,2010,2,1000000,0.0001
1305,Jordan,2011,0,1000000,0.0001
1306,Jordan,2012,2,1000000,0.0001
1307,Jordan,2013,1,1000000,0.0001
1308,Jordan,2014,3,1000000,0.0001
1309,Jordan,2015,4,1000000,0.0001
1310,Jordan,2016,11,1000000,0.0001
1311,Jordan,2017,8,1000000,0.0001
1312,Jordan,2018,2,1000000,0.0001
1313,Jordan,2019,4,1000000,0.0001
1314,Jordan,2020,0,1000000,0.0001
1315,Jordan,2021,0,1000000,0.0001
1316,Kazakhstan,1994,1,30000000000,1.8
1317,Kazakhstan,1995,0,30000000000,1.8
1318,Kazakhstan,1996,0,30000000000,1.8
1319,Kazakhstan,1997,2,30000000000,1.8
1320,Kazakhstan,1998,0,30000000000,1.8
1321,Kazakhstan,1999,0,30000000000,1.8
1322,Kazakhstan,2000,1,30000000000,1.8
1323,Kazakhstan,2001,1,30000000000,1.8
1324,Kazakhstan,2002,0,30000000000,1.8
1325,Kazakhstan,2003,0,30000000000,1.8
1326,Kazakhstan,2004,0,30000000000,1.8
1327,Kazakhstan,2005,0,30000000000,1.8
1328,Kazakhstan,2006,0,30000000000,1.8
1329,Kazakhstan,2007,0,30000000000,1.8
1330,Kazakhstan,2008,1,30000000000,1.8
1331,Kazakhstan,2009,0,30000000000,1.8
1332,Kazakhstan,2010,0,30000000000,1.8
1333,Kazakhstan,2011,5,30000000000,1.8
1334,Kazakhstan,2012,4,30000000000,1.8
1335,Kazakhstan,2013,4,30000000000,1.8
1336,Kazakhstan,2014,0,30000000000,1.8
1337,Kazakhstan,2015,0,30000000000,1.8
1338,Kazakhstan,2016,3,30000000000,1.8
1339,Kazakhstan,2017,0,30000000000,1.8
1340,Kazakhstan,2018,0,30000000000,1.8
1341,Kazakhstan,2019,1,30000000000,1.8
1342,Kazakhstan,2020,3,30000000000,1.8
1343,Kazakhstan,2021,0,30000000000,1.8
1344,Kuwait,1994,2,101500000000,6.1
1345,Kuwait,1995,0,101500000000,6.1
1346,Kuwait,1996,0,101500000000,6.1
1347,Kuwait,1997,2,101500000000,6.1
1348,Kuwait,1998,0,101500000000,6.1
1349,Kuwait,1999,0,101500000000,6.1
1350,Kuwait,2000,0,101500000000,6.1
1351,Kuwait,2001,2,101500000000,6.1
1352,Kuwait,2002,1,101500000000,6.1
1353,Kuwait,2003,3,101500000000,6.1
1354,Kuwait,2004,0,101500000000,6.1
1355,Kuwait,2005,2,101500000000,6.1
1356,Kuwait,2006,0,101500000000,6.1
1357,Kuwait,2007,0,101500000000,6.1
1358,Kuwait,2008,0,101500000000,6.1
1359,Kuwait,2009,0,101500000000,6.1
1360,Kuwait,2010,0,101500000000,6.1
1361,Kuwait,2011,1,101500000000,6.1
1362,Kuwait,2012,0,101500000000,6.1
1363,Kuwait,2013,0,101500000000,6.1
1364,Kuwait,2014,0,101500000000,6.1
1365,Kuwait,2015,1,101500000000,6.1
1366,Kuwait,2016,2,101500000000,6.1
1367,Kuwait,2017,0,101500000000,6.1
1368,Kuwait,2018,0,101500000000,6.1
1369,Kuwait,2019,0,101500000000,6.1
1370,Kuwait,2020,0,101500000000,6.1
1371,Kuwait,2021,0,101500000000,6.1
1372,Kyrgyzstan,1994,0,40000000,0.0024
1373,Kyrgyzstan,1995,0,40000000,0.0024
1374,Kyrgyzstan,1996,5,40000000,0.0024
1375,Kyrgyzstan,1997,0,40000000,0.0024
1376,Kyrgyzstan,1998,0,40000000,0.0024
1377,Kyrgyzstan,1999,3,40000000,0.0024
1378,Kyrgyzstan,2000,4,40000000,0.0024
1379,Kyrgyzstan,2001,1,40000000,0.0024
1380,Kyrgyzstan,2002,2,40000000,0.0024
1381,Kyrgyzstan,2003,1,40000000,0.0024
1382,Kyrgyzstan,2004,0,40000000,0.0024
1383,Kyrgyzstan,2005,2,40000000,0.0024
1384,Kyrgyzstan,2006,3,40000000,0.0024
1385,Kyrgyzstan,2007,1,40000000,0.0024
1386,Kyrgyzstan,2008,0,40000000,0.0024
1387,Kyrgyzstan,2009,0,40000000,0.0024
1388,Kyrgyzstan,2010,1,40000000,0.0024
1389,Kyrgyzstan,2011,1,40000000,0.0024
1390,Kyrgyzstan,2012,0,40000000,0.0024
1391,Kyrgyzstan,2013,0,40000000,0.0024
1392,Kyrgyzstan,2014,2,40000000,0.0024
1393,Kyrgyzstan,2015,3,40000000,0.0024
1394,Kyrgyzstan,2016,4,40000000,0.0024
1395,Kyrgyzstan,2017,3,40000000,0.0024
1396,Kyrgyzstan,2018,1,40000000,0.0024
1397,Kyrgyzstan,2019,0,40000000,0.0024
1398,Kyrgyzstan,2020,2,40000000,0.0024
1399,Kyrgyzstan,2021,0,40000000,0.0024
1400,Libya,1994,0,48363000000,2.9
1401,Libya,1995,1,48363000000,2.9
1402,Libya,1996,4,48363000000,2.9
1403,Libya,1997,0,48363000000,2.9
1404,Libya,1998,0,48363000000,2.9
1405,Libya,1999,0,48363000000,2.9
1406,Libya,2000,0,48363000000,2.9
1407,Libya,2001,0,48363000000,2.9
1408,Libya,2002,0,48363000000,2.9
1409,Libya,2003,0,48363000000,2.9
1410,Libya,2004,0,48363000000,2.9
1411,Libya,2005,0,48363000000,2.9
1412,Libya,2006,0,48363000000,2.9
1413,Libya,2007,1,48363000000,2.9
1414,Libya,2008,1,48363000000,2.9
1415,Libya,2009,0,48363000000,2.9
1416,Libya,2010,0,48363000000,2.9
1417,Libya,2011,2,48363000000,2.9
1418,Libya,2012,57,48363000000,2.9
1419,Libya,2013,291,48363000000,2.9
1420,Libya,2014,729,48363000000,2.9
1421,Libya,2015,543,48363000000,2.9
1422,Libya,2016,422,48363000000,2.9
1423,Libya,2017,191,48363000000,2.9
1424,Libya,2018,167,48363000000,2.9
1425,Libya,2019,70,48363000000,2.9
1426,Libya,2020,17,48363000000,2.9
1427,Libya,2021,8,48363000000,2.9
1428,Lithuania,1994,0,12000000,0.0007
1429,Lithuania,1995,2,12000000,0.0007
1430,Lithuania,1996,3,12000000,0.0007
1431,Lithuania,1997,1,12000000,0.0007
1432,Lithuania,1998,0,12000000,0.0007
1433,Lithuania,1999,0,12000000,0.0007
1434,Lithuania,2000,0,12000000,0.0007
1435,Lithuania,2001,0,12000000,0.0007
1436,Lithuania,2002,0,12000000,0.0007
1437,Lithuania,2003,0,12000000,0.0007
1438,Lithuania,2004,0,12000000,0.0007
1439,Lithuania,2005,0,12000000,0.0007
1440,Lithuania,2006,0,12000000,0.0007
1441,Lithuania,2007,0,12000000,0.0007
1442,Lithuania,2008,0,12000000,0.0007
1443,Lithuania,2009,0,12000000,0.0007
1444,Lithuania,2010,0,12000000,0.0007
1445,Lithuania,2011,0,12000000,0.0007
1446,Lithuania,2012,0,12000000,0.0007
1447,Lithuania,2013,0,12000000,0.0007
1448,Lithuania,2014,0,12000000,0.0007
1449,Lithuania,2015,0,12000000,0.0007
1450,Lithuania,2016,0,12000000,0.0007
1451,Lithuania,2017,0,12000000,0.0007
1452,Lithuania,2018,1,12000000,0.0007
1453,Lithuania,2019,1,12000000,0.0007
1454,Lithuania,2020,0,12000000,0.0007
1455,Lithuania,2021,0,12000000,0.0007
1456,Malaysia,1994,0,3600000000,0.22
1457,Malaysia,1995,0,3600000000,0.22
1458,Malaysia,1996,0,3600000000,0.22
1459,Malaysia,1997,0,3600000000,0.22
1460,Malaysia,1998,0,3600000000,0.22
1461,Malaysia,1999,0,3600000000,0.22
1462,Malaysia,2000,3,3600000000,0.22
1463,Malaysia,2001,1,3600000000,0.22
1464,Malaysia,2002,0,3600000000,0.22
1465,Malaysia,2003,0,3600000000,0.22
1466,Malaysia,2004,0,3600000000,0.22
1467,Malaysia,2005,0,3600000000,0.22
1468,Malaysia,2006,0,3600000000,0.22
1469,Malaysia,2007,0,3600000000,0.22
1470,Malaysia,2008,2,3600000000,0.22
1471,Malaysia,2009,1,3600000000,0.22
1472,Malaysia,2010,0,3600000000,0.22
1473,Malaysia,2011,0,3600000000,0.22
1474,Malaysia,2012,2,3600000000,0.22
1475,Malaysia,2013,13,3600000000,0.22
1476,Malaysia,2014,12,3600000000,0.22
1477,Malaysia,2015,5,3600000000,0.22
1478,Malaysia,2016,19,3600000000,0.22
1479,Malaysia,2017,4,3600000000,0.22
1480,Malaysia,2018,7,3600000000,0.22
1481,Malaysia,2019,2,3600000000,0.22
1482,Malaysia,2020,1,3600000000,0.22
1483,Malaysia,2021,0,3600000000,0.22
1484,Mauritania,1994,0,20000000,0.0012
1485,Mauritania,1995,0,20000000,0.0012
1486,Mauritania,1996,1,20000000,0.0012
1487,Mauritania,1997,0,20000000,0.0012
1488,Mauritania,1998,0,20000000,0.0012
1489,Mauritania,1999,0,20000000,0.0012
1490,Mauritania,2000,0,20000000,0.0012
1491,Mauritania,2001,0,20000000,0.0012
1492,Mauritania,2002,0,20000000,0.0012
1493,Mauritania,2003,0,20000000,0.0012
1494,Mauritania,2004,1,20000000,0.0012
1495,Mauritania,2005,1,20000000,0.0012
1496,Mauritania,2006,0,20000000,0.0012
1497,Mauritania,2007,0,20000000,0.0012
1498,Mauritania,2008,2,20000000,0.0012
1499,Mauritania,2009,5,20000000,0.0012
1500,Mauritania,2010,1,20000000,0.0012
1501,Mauritania,2011,3,20000000,0.0012
1502,Mauritania,2012,0,20000000,0.0012
1503,Mauritania,2013,0,20000000,0.0012
1504,Mauritania,2014,0,20000000,0.0012
1505,Mauritania,2015,0,20000000,0.0012
1506,Mauritania,2016,0,20000000,0.0012
1507,Mauritania,2017,0,20000000,0.0012
1508,Mauritania,2018,1,20000000,0.0012
1509,Mauritania,2019,0,20000000,0.0012
1510,Mauritania,2020,0,20000000,0.0012
1511,Mauritania,2021,0,20000000,0.0012
1512,Mexico,1994,42,9711000000,0.59
1513,Mexico,1995,29,9711000000,0.59
1514,Mexico,1996,75,9711000000,0.59
1515,Mexico,1997,95,9711000000,0.59
1516,Mexico,1998,2,9711000000,0.59
1517,Mexico,1999,1,9711000000,0.59
1518,Mexico,2000,4,9711000000,0.59
1519,Mexico,2001,7,9711000000,0.59
1520,Mexico,2002,0,9711000000,0.59
1521,Mexico,2003,1,9711000000,0.59
1522,Mexico,2004,1,9711000000,0.59
1523,Mexico,2005,1,9711000000,0.59
1524,Mexico,2006,7,9711000000,0.59
1525,Mexico,2007,10,9711000000,0.59
1526,Mexico,2008,8,9711000000,0.59
1527,Mexico,2009,1,9711000000,0.59
1528,Mexico,2010,5,9711000000,0.59
1529,Mexico,2011,2,9711000000,0.59
1530,Mexico,2012,16,9711000000,0.59
1531,Mexico,2013,8,9711000000,0.59
1532,Mexico,2014,5,9711000000,0.59
1533,Mexico,2015,19,9711000000,0.59
1534,Mexico,2016,7,9711000000,0.59
1535,Mexico,2017,23,9711000000,0.59
1536,Mexico,2018,27,9711000000,0.59
1537,Mexico,2019,31,9711000000,0.59
1538,Mexico,2020,13,9711000000,0.59
1539,Mexico,2021,21,9711000000,0.59
1540,Morocco,1994,2,684000,0.0
1541,Morocco,1995,1,684000,0.0
1542,Morocco,1996,2,684000,0.0
1543,Morocco,1997,0,684000,0.0
1544,Morocco,1998,0,684000,0.0
1545,Morocco,1999,0,684000,0.0
1546,Morocco,2000,0,684000,0.0
1547,Morocco,2001,0,684000,0.0
1548,Morocco,2002,0,684000,0.0
1549,Morocco,2003,5,684000,0.0
1550,Morocco,2004,0,684000,0.0
1551,Morocco,2005,0,684000,0.0
1552,Morocco,2006,0,684000,0.0
1553,Morocco,2007,6,684000,0.0
1554,Morocco,2008,0,684000,0.0
1555,Morocco,2009,0,684000,0.0
1556,Morocco,2010,0,684000,0.0
1557,Morocco,2011,1,684000,0.0
1558,Morocco,2012,0,684000,0.0
1559,Morocco,2013,0,684000,0.0
1560,Morocco,2014,0,684000,0.0
1561,Morocco,2015,1,684000,0.0
1562,Morocco,2016,0,684000,0.0
1563,Morocco,2017,0,684000,0.0
1564,Morocco,2018,1,684000,0.0
1565,Morocco,2019,0,684000,0.0
1566,Morocco,2020,0,684000,0.0
1567,Morocco,2021,0,684000,0.0
1568,Myanmar,1994,8,50000000,0.003
1569,Myanmar,1995,12,50000000,0.003
1570,Myanmar,1996,13,50000000,0.003
1571,Myanmar,1997,35,50000000,0.003
1572,Myanmar,1998,0,50000000,0.003
1573,Myanmar,1999,4,50000000,0.003
1574,Myanmar,2000,0,50000000,0.003
1575,Myanmar,2001,3,50000000,0.003
1576,Myanmar,2002,4,50000000,0.003
1577,Myanmar,2003,9,50000000,0.003
1578,Myanmar,2004,2,50000000,0.003
1579,Myanmar,2005,8,50000000,0.003
1580,Myanmar,2006,2,50000000,0.003
1581,Myanmar,2007,3,50000000,0.003
1582,Myanmar,2008,20,50000000,0.003
1583,Myanmar,2009,14,50000000,0.003
1584,Myanmar,2010,11,50000000,0.003
1585,Myanmar,2011,2,50000000,0.003
1586,Myanmar,2012,17,50000000,0.003
1587,Myanmar,2013,18,50000000,0.003
1588,Myanmar,2014,16,50000000,0.003
1589,Myanmar,2015,37,50000000,0.003
1590,Myanmar,2016,74,50000000,0.003
1591,Myanmar,2017,116,50000000,0.003
1592,Myanmar,2018,40,50000000,0.003
1593,Myanmar,2019,90,50000000,0.003
1594,Myanmar,2020,65,50000000,0.003
1595,Myanmar,2021,216,50000000,0.003
1596,Netherlands,1994,3,140892000,0.009
1597,Netherlands,1995,7,140892000,0.009
1598,Netherlands,1996,6,140892000,0.009
1599,Netherlands,1997,1,140892000,0.009
1600,Netherlands,1998,0,140892000,0.009
1601,Netherlands,1999,1,140892000,0.009
1602,Netherlands,2000,1,140892000,0.009
1603,Netherlands,2001,1,140892000,0.009
1604,Netherlands,2002,2,140892000,0.009
1605,Netherlands,2003,3,140892000,0.009
1606,Netherlands,2004,1,140892000,0.009
1607,Netherlands,2005,0,140892000,0.009
1608,Netherlands,2006,0,140892000,0.009
1609,Netherlands,2007,0,140892000,0.009
1610,Netherlands,2008,1,140892000,0.009
1611,Netherlands,2009,1,140892000,0.009
1612,Netherlands,2010,1,140892000,0.009
1613,Netherlands,2011,2,140892000,0.009
1614,Netherlands,2012,0,140892000,0.009
1615,Netherlands,2013,0,140892000,0.009
1616,Netherlands,2014,1,140892000,0.009
1617,Netherlands,2015,3,140892000,0.009
1618,Netherlands,2016,6,140892000,0.009
1619,Netherlands,2017,1,140892000,0.009
1620,Netherlands,2018,6,140892000,0.009
1621,Netherlands,2019,4,140892000,0.009
1622,Netherlands,2020,37,140892000,0.009
1623,Netherlands,2021,6,140892000,0.009
1624,New Zealand,1994,1,64100000,0.0039
1625,New Zealand,1995,0,64100000,0.0039
1626,New Zealand,1996,2,64100000,0.0039
1627,New Zealand,1997,1,64100000,0.0039
1628,New Zealand,1998,0,64100000,0.0039
1629,New Zealand,1999,0,64100000,0.0039
1630,New Zealand,2000,0,64100000,0.0039
1631,New Zealand,2001,1,64100000,0.0039
1632,New Zealand,2002,0,64100000,0.0039
1633,New Zealand,2003,3,64100000,0.0039
1634,New Zealand,2004,0,64100000,0.0039
1635,New Zealand,2005,0,64100000,0.0039
1636,New Zealand,2006,0,64100000,0.0039
1637,New Zealand,2007,0,64100000,0.0039
1638,New Zealand,2008,4,64100000,0.0039
1639,New Zealand,2009,0,64100000,0.0039
1640,New Zealand,2010,0,64100000,0.0039
1641,New Zealand,2011,0,64100000,0.0039
1642,New Zealand,2012,0,64100000,0.0039
1643,New Zealand,2013,0,64100000,0.0039
1644,New Zealand,2014,1,64100000,0.0039
1645,New Zealand,2015,0,64100000,0.0039
1646,New Zealand,2016,1,64100000,0.0039
1647,New Zealand,2017,0,64100000,0.0039
1648,New Zealand,2018,0,64100000,0.0039
1649,New Zealand,2019,2,64100000,0.0039
1650,New Zealand,2020,12,64100000,0.0039
1651,New Zealand,2021,0,64100000,0.0039
1652,Niger,1994,8,150000000,0.009
1653,Niger,1995,2,150000000,0.009
1654,Niger,1996,1,150000000,0.009
1655,Niger,1997,3,150000000,0.009
1656,Niger,1998,0,150000000,0.009
1657,Niger,1999,2,150000000,0.009
1658,Niger,2000,0,150000000,0.009
1659,Niger,2001,0,150000000,0.009
1660,Niger,2002,0,150000000,0.009
1661,Niger,2003,0,150000000,0.009
1662,Niger,2004,0,150000000,0.009
1663,Niger,2005,0,150000000,0.009
1664,Niger,2006,0,150000000,0.009
1665,Niger,2007,7,150000000,0.009
1666,Niger,2008,9,150000000,0.009
1667,Niger,2009,4,150000000,0.009
1668,Niger,2010,3,150000000,0.009
1669,Niger,2011,2,150000000,0.009
1670,Niger,2012,1,150000000,0.009
1671,Niger,2013,4,150000000,0.009
1672,Niger,2014,5,150000000,0.009
1673,Niger,2015,41,150000000,0.009
1674,Niger,2016,25,150000000,0.009
1675,Niger,2017,13,150000000,0.009
1676,Niger,2018,19,150000000,0.009
1677,Niger,2019,49,150000000,0.009
1678,Niger,2020,35,150000000,0.009
1679,Niger,2021,38,150000000,0.009
1680,Nigeria,1994,8,37070000000,2.2
1681,Nigeria,1995,1,37070000000,2.2
1682,Nigeria,1996,11,37070000000,2.2
1683,Nigeria,1997,20,37070000000,2.2
1684,Nigeria,1998,2,37070000000,2.2
1685,Nigeria,1999,18,37070000000,2.2
1686,Nigeria,2000,6,37070000000,2.2
1687,Nigeria,2001,5,37070000000,2.2
1688,Nigeria,2002,6,37070000000,2.2
1689,Nigeria,2003,9,37070000000,2.2
1690,Nigeria,2004,6,37070000000,2.2
1691,Nigeria,2005,9,37070000000,2.2
1692,Nigeria,2006,37,37070000000,2.2
1693,Nigeria,2007,61,37070000000,2.2
1694,Nigeria,2008,76,37070000000,2.2
1695,Nigeria,2009,42,37070000000,2.2
1696,Nigeria,2010,63,37070000000,2.2
1697,Nigeria,2011,175,37070000000,2.2
1698,Nigeria,2012,615,37070000000,2.2
1699,Nigeria,2013,347,37070000000,2.2
1700,Nigeria,2014,713,37070000000,2.2
1701,Nigeria,2015,641,37070000000,2.2
1702,Nigeria,2016,535,37070000000,2.2
1703,Nigeria,2017,488,37070000000,2.2
1704,Nigeria,2018,650,37070000000,2.2
1705,Nigeria,2019,507,37070000000,2.2
1706,Nigeria,2020,478,37070000000,2.2
1707,Nigeria,2021,448,37070000000,2.2
1708,Norway,1994,2,5138767000,0.31
1709,Norway,1995,0,5138767000,0.31
1710,Norway,1996,1,5138767000,0.31
1711,Norway,1997,0,5138767000,0.31
1712,Norway,1998,0,5138767000,0.31
1713,Norway,1999,0,5138767000,0.31
1714,Norway,2000,0,5138767000,0.31
1715,Norway,2001,1,5138767000,0.31
1716,Norway,2002,0,5138767000,0.31
1717,Norway,2003,1,5138767000,0.31
1718,Norway,2004,0,5138767000,0.31
1719,Norway,2005,0,5138767000,0.31
1720,Norway,2006,1,5138767000,0.31
1721,Norway,2007,0,5138767000,0.31
1722,Norway,2008,0,5138767000,0.31
1723,Norway,2009,0,5138767000,0.31
1724,Norway,2010,1,5138767000,0.31
1725,Norway,2011,3,5138767000,0.31
1726,Norway,2012,0,5138767000,0.31
1727,Norway,2013,0,5138767000,0.31
1728,Norway,2014,0,5138767000,0.31
1729,Norway,2015,0,5138767000,0.31
1730,Norway,2016,0,5138767000,0.31
1731,Norway,2017,1,5138767000,0.31
1732,Norway,2018,0,5138767000,0.31
1733,Norway,2019,3,5138767000,0.31
1734,Norway,2020,2,5138767000,0.31
1735,Norway,2021,0,5138767000,0.31
1736,Pakistan,1994,154,353500000,0.021
1737,Pakistan,1995,666,353500000,0.021
1738,Pakistan,1996,180,353500000,0.021
1739,Pakistan,1997,206,353500000,0.021
1740,Pakistan,1998,37,353500000,0.021
1741,Pakistan,1999,39,353500000,0.021
1742,Pakistan,2000,49,353500000,0.021
1743,Pakistan,2001,53,353500000,0.021
1744,Pakistan,2002,46,353500000,0.021
1745,Pakistan,2003,29,353500000,0.021
1746,Pakistan,2004,67,353500000,0.021
1747,Pakistan,2005,77,353500000,0.021
1748,Pakistan,2006,164,353500000,0.021
1749,Pakistan,2007,260,353500000,0.021
1750,Pakistan,2008,568,353500000,0.021
1751,Pakistan,2009,667,353500000,0.021
1752,Pakistan,2010,713,353500000,0.021
1753,Pakistan,2011,1012,353500000,0.021
1754,Pakistan,2012,1655,353500000,0.021
1755,Pakistan,2013,2215,353500000,0.021
1756,Pakistan,2014,2149,353500000,0.021
1757,Pakistan,2015,1243,353500000,0.021
1758,Pakistan,2016,864,353500000,0.021
1759,Pakistan,2017,719,353500000,0.021
1760,Pakistan,2018,480,353500000,0.021
1761,Pakistan,2019,363,353500000,0.021
1762,Pakistan,2020,294,353500000,0.021
1763,Pakistan,2021,150,353500000,0.021
1764,Papua New Guinea,1994,3,180249000,0.011
1765,Papua New Guinea,1995,10,180249000,0.011
1766,Papua New Guinea,1996,10,180249000,0.011
1767,Papua New Guinea,1997,2,180249000,0.011
1768,Papua New Guinea,1998,0,180249000,0.011
1769,Papua New Guinea,1999,0,180249000,0.011
1770,Papua New Guinea,2000,0,180249000,0.011
1771,Papua New Guinea,2001,0,180249000,0.011
1772,Papua New Guinea,2002,1,180249000,0.011
1773,Papua New Guinea,2003,0,180249000,0.011
1774,Papua New Guinea,2004,0,180249000,0.011
1775,Papua New Guinea,2005,0,180249000,0.011
1776,Papua New Guinea,2006,0,180249000,0.011
1777,Papua New Guinea,2007,1,180249000,0.011
1778,Papua New Guinea,2008,0,180249000,0.011
1779,Papua New Guinea,2009,0,180249000,0.011
1780,Papua New Guinea,2010,0,180249000,0.011
1781,Papua New Guinea,2011,0,180249000,0.011
1782,Papua New Guinea,2012,0,180249000,0.011
1783,Papua New Guinea,2013,0,180249000,0.011
1784,Papua New Guinea,2014,0,180249000,0.011
1785,Papua New Guinea,2015,0,180249000,0.011
1786,Papua New Guinea,2016,0,180249000,0.011
1787,Papua New Guinea,2017,8,180249000,0.011
1788,Papua New Guinea,2018,0,180249000,0.011
1789,Papua New Guinea,2019,0,180249000,0.011
1790,Papua New Guinea,2020,0,180249000,0.011
1791,Papua New Guinea,2021,0,180249000,0.011
1792,Peru,1994,91,682681000,0.041
1793,Peru,1995,44,682681000,0.041
1794,Peru,1996,42,682681000,0.041
1795,Peru,1997,58,682681000,0.041
1796,Peru,1998,5,682681000,0.041
1797,Peru,1999,5,682681000,0.041
1798,Peru,2000,3,682681000,0.041
1799,Peru,2001,3,682681000,0.041
1800,Peru,2002,2,682681000,0.041
1801,Peru,2003,1,682681000,0.041
1802,Peru,2004,3,682681000,0.041
1803,Peru,2005,2,682681000,0.041
1804,Peru,2006,1,682681000,0.041
1805,Peru,2007,4,682681000,0.041
1806,Peru,2008,1,682681000,0.041
1807,Peru,2009,4,682681000,0.041
1808,Peru,2010,0,682681000,0.041
1809,Peru,2011,0,682681000,0.041
1810,Peru,2012,9,682681000,0.041
1811,Peru,2013,13,682681000,0.041
1812,Peru,2014,12,682681000,0.041
1813,Peru,2015,10,682681000,0.041
1814,Peru,2016,4,682681000,0.041
1815,Peru,2017,8,682681000,0.041
1816,Peru,2018,5,682681000,0.041
1817,Peru,2019,1,682681000,0.041
1818,Peru,2020,2,682681000,0.041
1819,Peru,2021,5,682681000,0.041
1820,Philippines,1994,72,138500000,0.008
1821,Philippines,1995,63,138500000,0.008
1822,Philippines,1996,61,138500000,0.008
1823,Philippines,1997,57,138500000,0.008
1824,Philippines,1998,18,138500000,0.008
1825,Philippines,1999,31,138500000,0.008
1826,Philippines,2000,132,138500000,0.008
1827,Philippines,2001,50,138500000,0.008
1828,Philippines,2002,48,138500000,0.008
1829,Philippines,2003,107,138500000,0.008
1830,Philippines,2004,31,138500000,0.008
1831,Philippines,2005,25,138500000,0.008
1832,Philippines,2006,58,138500000,0.008
1833,Philippines,2007,65,138500000,0.008
1834,Philippines,2008,276,138500000,0.008
1835,Philippines,2009,229,138500000,0.008
1836,Philippines,2010,204,138500000,0.008
1837,Philippines,2011,151,138500000,0.008
1838,Philippines,2012,249,138500000,0.008
1839,Philippines,2013,651,138500000,0.008
1840,Philippines,2014,597,138500000,0.008
1841,Philippines,2015,721,138500000,0.008
1842,Philippines,2016,632,138500000,0.008
1843,Philippines,2017,695,138500000,0.008
1844,Philippines,2018,601,138500000,0.008
1845,Philippines,2019,467,138500000,0.008
1846,Philippines,2020,294,138500000,0.008
1847,Philippines,2021,104,138500000,0.008
1848,Poland,1994,4,137752000,0.008
1849,Poland,1995,4,137752000,0.008
1850,Poland,1996,6,137752000,0.008
1851,Poland,1997,3,137752000,0.008
1852,Poland,1998,2,137752000,0.008
1853,Poland,1999,0,137752000,0.008
1854,Poland,2000,0,137752000,0.008
1855,Poland,2001,1,137752000,0.008
1856,Poland,2002,0,137752000,0.008
1857,Poland,2003,0,137752000,0.008
1858,Poland,2004,0,137752000,0.008
1859,Poland,2005,0,137752000,0.008
1860,Poland,2006,0,137752000,0.008
1861,Poland,2007,0,137752000,0.008
1862,Poland,2008,0,137752000,0.008
1863,Poland,2009,0,137752000,0.008
1864,Poland,2010,1,137752000,0.008
1865,Poland,2011,0,137752000,0.008
1866,Poland,2012,0,137752000,0.008
1867,Poland,2013,0,137752000,0.008
1868,Poland,2014,0,137752000,0.008
1869,Poland,2015,0,137752000,0.008
1870,Poland,2016,2,137752000,0.008
1871,Poland,2017,1,137752000,0.008
1872,Poland,2018,1,137752000,0.008
1873,Poland,2019,0,137752000,0.008
1874,Poland,2020,2,137752000,0.008
1875,Poland,2021,0,137752000,0.008
1876,Qatar,1994,0,25244000000,1.5
1877,Qatar,1995,0,25244000000,1.5
1878,Qatar,1996,1,25244000000,1.5
1879,Qatar,1997,0,25244000000,1.5
1880,Qatar,1998,0,25244000000,1.5
1881,Qatar,1999,0,25244000000,1.5
1882,Qatar,2000,1,25244000000,1.5
1883,Qatar,2001,1,25244000000,1.5
1884,Qatar,2002,0,25244000000,1.5
1885,Qatar,2003,0,25244000000,1.5
1886,Qatar,2004,0,25244000000,1.5
1887,Qatar,2005,1,25244000000,1.5
1888,Qatar,2006,0,25244000000,1.5
1889,Qatar,2007,0,25244000000,1.5
1890,Qatar,2008,0,25244000000,1.5
1891,Qatar,2009,0,25244000000,1.5
1892,Qatar,2010,0,25244000000,1.5
1893,Qatar,2011,0,25244000000,1.5
1894,Qatar,2012,0,25244000000,1.5
1895,Qatar,2013,0,25244000000,1.5
1896,Qatar,2014,0,25244000000,1.5
1897,Qatar,2015,1,25244000000,1.5
1898,Qatar,2016,0,25244000000,1.5
1899,Qatar,2017,0,25244000000,1.5
1900,Qatar,2018,0,25244000000,1.5
1901,Qatar,2019,0,25244000000,1.5
1902,Qatar,2020,0,25244000000,1.5
1903,Qatar,2021,0,25244000000,1.5
1904,Romania,1994,0,600000000,0.036
1905,Romania,1995,1,600000000,0.036
1906,Romania,1996,0,600000000,0.036
1907,Romania,1997,0,600000000,0.036
1908,Romania,1998,0,600000000,0.036
1909,Romania,1999,0,600000000,0.036
1910,Romania,2000,0,600000000,0.036
1911,Romania,2001,0,600000000,0.036
1912,Romania,2002,0,600000000,0.036
1913,Romania,2003,0,600000000,0.036
1914,Romania,2004,0,600000000,0.036
1915,Romania,2005,0,600000000,0.036
1916,Romania,2006,0,600000000,0.036
1917,Romania,2007,0,600000000,0.036
1918,Romania,2008,1,600000000,0.036
1919,Romania,2009,0,600000000,0.036
1920,Romania,2010,0,600000000,0.036
1921,Romania,2011,0,600000000,0.036
1922,Romania,2012,0,600000000,0.036
1923,Romania,2013,0,600000000,0.036
1924,Romania,2014,0,600000000,0.036
1925,Romania,2015,0,600000000,0.036
1926,Romania,2016,0,600000000,0.036
1927,Romania,2017,0,600000000,0.036
1928,Romania,2018,0,600000000,0.036
1929,Romania,2019,0,600000000,0.036
1930,Romania,2020,0,600000000,0.036
1931,Romania,2021,0,600000000,0.036
1932,Russia,1994,47,80000000000,4.8
1933,Russia,1995,37,80000000000,4.8
1934,Russia,1996,66,80000000000,4.8
1935,Russia,1997,77,80000000000,4.8
1936,Russia,1998,26,80000000000,4.8
1937,Russia,1999,54,80000000000,4.8
1938,Russia,2000,138,80000000000,4.8
1939,Russia,2001,135,80000000000,4.8
1940,Russia,2002,89,80000000000,4.8
1941,Russia,2003,76,80000000000,4.8
1942,Russia,2004,43,80000000000,4.8
1943,Russia,2005,64,80000000000,4.8
1944,Russia,2006,56,80000000000,4.8
1945,Russia,2007,51,80000000000,4.8
1946,Russia,2008,170,80000000000,4.8
1947,Russia,2009,152,80000000000,4.8
1948,Russia,2010,251,80000000000,4.8
1949,Russia,2011,188,80000000000,4.8
1950,Russia,2012,151,80000000000,4.8
1951,Russia,2013,145,80000000000,4.8
1952,Russia,2014,48,80000000000,4.8
1953,Russia,2015,22,80000000000,4.8
1954,Russia,2016,56,80000000000,4.8
1955,Russia,2017,34,80000000000,4.8
1956,Russia,2018,23,80000000000,4.8
1957,Russia,2019,10,80000000000,4.8
1958,Russia,2020,12,80000000000,4.8
1959,Russia,2021,0,80000000000,4.8
1960,Saudi Arabia,1994,2,266578000000,16.2
1961,Saudi Arabia,1995,3,266578000000,16.2
1962,Saudi Arabia,1996,1,266578000000,16.2
1963,Saudi Arabia,1997,0,266578000000,16.2
1964,Saudi Arabia,1998,0,266578000000,16.2
1965,Saudi Arabia,1999,0,266578000000,16.2
1966,Saudi Arabia,2000,5,266578000000,16.2
1967,Saudi Arabia,2001,3,266578000000,16.2
1968,Saudi Arabia,2002,2,266578000000,16.2
1969,Saudi Arabia,2003,8,266578000000,16.2
1970,Saudi Arabia,2004,17,266578000000,16.2
1971,Saudi Arabia,2005,1,266578000000,16.2
1972,Saudi Arabia,2006,3,266578000000,16.2
1973,Saudi Arabia,2007,1,266578000000,16.2
1974,Saudi Arabia,2008,0,266578000000,16.2
1975,Saudi Arabia,2009,3,266578000000,16.2
1976,Saudi Arabia,2010,0,266578000000,16.2
1977,Saudi Arabia,2011,2,266578000000,16.2
1978,Saudi Arabia,2012,6,266578000000,16.2
1979,Saudi Arabia,2013,6,266578000000,16.2
1980,Saudi Arabia,2014,14,266578000000,16.2
1981,Saudi Arabia,2015,104,266578000000,16.2
1982,Saudi Arabia,2016,134,266578000000,16.2
1983,Saudi Arabia,2017,57,266578000000,16.2
1984,Saudi Arabia,2018,94,266578000000,16.2
1985,Saudi Arabia,2019,43,266578000000,16.2
1986,Saudi Arabia,2020,60,266578000000,16.2
1987,Saudi Arabia,2021,94,266578000000,16.2
1988,Serbia,2006,0,77500000,0.0047
1989,Serbia,2007,0,77500000,0.0047
1990,Serbia,2008,4,77500000,0.0047
1991,Serbia,2009,3,77500000,0.0047
1992,Serbia,2010,1,77500000,0.0047
1993,Serbia,2011,0,77500000,0.0047
1994,Serbia,2012,3,77500000,0.0047
1995,Serbia,2013,0,77500000,0.0047
1996,Serbia,2014,0,77500000,0.0047
1997,Serbia,2015,0,77500000,0.0047
1998,Serbia,2016,0,77500000,0.0047
1999,Serbia,2017,1,77500000,0.0047
2000,Serbia,2018,2,77500000,0.0047
2001,Serbia,2019,0,77500000,0.0047
2002,Serbia,2020,0,77500000,0.0047
2003,Serbia,2021,1,77500000,0.0047
2004,Slovakia,1994,1,9000000,0.0005
2005,Slovakia,1995,3,9000000,0.0005
2006,Slovakia,1996,5,9000000,0.0005
2007,Slovakia,1997,4,9000000,0.0005
2008,Slovakia,1998,2,9000000,0.0005
2009,Slovakia,1999,1,9000000,0.0005
2010,Slovakia,2000,1,9000000,0.0005
2011,Slovakia,2001,0,9000000,0.0005
2012,Slovakia,2002,0,9000000,0.0005
2013,Slovakia,2003,0,9000000,0.0005
2014,Slovakia,2004,0,9000000,0.0005
2015,Slovakia,2005,0,9000000,0.0005
2016,Slovakia,2006,0,9000000,0.0005
2017,Slovakia,2007,0,9000000,0.0005
2018,Slovakia,2008,0,9000000,0.0005
2019,Slovakia,2009,0,9000000,0.0005
2020,Slovakia,2010,0,9000000,0.0005
2021,Slovakia,2011,0,9000000,0.0005
2022,Slovakia,2012,0,9000000,0.0005
2023,Slovakia,2013,0,9000000,0.0005
2024,Slovakia,2014,0,9000000,0.0005
2025,Slovakia,2015,0,9000000,0.0005
2026,Slovakia,2016,1,9000000,0.0005
2027,Slovakia,2017,0,9000000,0.0005
2028,Slovakia,2018,1,9000000,0.0005
2029,Slovakia,2019,0,9000000,0.0005
2030,Slovakia,2020,0,9000000,0.0005
2031,Slovakia,2021,0,9000000,0.0005
2032,South Africa,1994,174,15000000,0.0009
2033,South Africa,1995,32,15000000,0.0009
2034,South Africa,1996,47,15000000,0.0009
2035,South Africa,1997,17,15000000,0.0009
2036,South Africa,1998,6,15000000,0.0009
2037,South Africa,1999,17,15000000,0.0009
2038,South Africa,2000,21,15000000,0.0009
2039,South Africa,2001,0,15000000,0.0009
2040,South Africa,2002,8,15000000,0.0009
2041,South Africa,2003,0,15000000,0.0009
2042,South Africa,2004,0,15000000,0.0009
2043,South Africa,2005,0,15000000,0.0009
2044,South Africa,2006,0,15000000,0.0009
2045,South Africa,2007,2,15000000,0.0009
2046,South Africa,2008,1,15000000,0.0009
2047,South Africa,2009,0,15000000,0.0009
2048,South Africa,2010,0,15000000,0.0009
2049,South Africa,2011,0,15000000,0.0009
2050,South Africa,2012,4,15000000,0.0009
2051,South Africa,2013,13,15000000,0.0009
2052,South Africa,2014,20,15000000,0.0009
2053,South Africa,2015,5,15000000,0.0009
2054,South Africa,2016,27,15000000,0.0009
2055,South Africa,2017,29,15000000,0.0009
2056,South Africa,2018,41,15000000,0.0009
2057,South Africa,2019,23,15000000,0.0009
2058,South Africa,2020,17,15000000,0.0009
2059,South Africa,2021,15,15000000,0.0009
2060,Spain,1994,55,150000000,0.009
2061,Spain,1995,44,150000000,0.009
2062,Spain,1996,63,150000000,0.009
2063,Spain,1997,86,150000000,0.009
2064,Spain,1998,17,150000000,0.009
2065,Spain,1999,47,150000000,0.009
2066,Spain,2000,112,150000000,0.009
2067,Spain,2001,79,150000000,0.009
2068,Spain,2002,41,150000000,0.009
2069,Spain,2003,21,150000000,0.009
2070,Spain,2004,31,150000000,0.009
2071,Spain,2005,24,150000000,0.009
2072,Spain,2006,23,150000000,0.009
2073,Spain,2007,11,150000000,0.009
2074,Spain,2008,37,150000000,0.009
2075,Spain,2009,21,150000000,0.009
2076,Spain,2010,3,150000000,0.009
2077,Spain,2011,0,150000000,0.009
2078,Spain,2012,1,150000000,0.009
2079,Spain,2013,5,150000000,0.009
2080,Spain,2014,4,150000000,0.009
2081,Spain,2015,1,150000000,0.009
2082,Spain,2016,3,150000000,0.009
2083,Spain,2017,4,150000000,0.009
2084,Spain,2018,2,150000000,0.009
2085,Spain,2019,4,150000000,0.009
2086,Spain,2020,0,150000000,0.009
2087,Spain,2021,2,150000000,0.009
2088,Sudan,1994,5,5000000000,0.3
2089,Sudan,1995,4,5000000000,0.3
2090,Sudan,1996,10,5000000000,0.3
2091,Sudan,1997,3,5000000000,0.3
2092,Sudan,1998,0,5000000000,0.3
2093,Sudan,1999,5,5000000000,0.3
2094,Sudan,2000,7,5000000000,0.3
2095,Sudan,2001,9,5000000000,0.3
2096,Sudan,2002,13,5000000000,0.3
2097,Sudan,2003,0,5000000000,0.3
2098,Sudan,2004,5,5000000000,0.3
2099,Sudan,2005,6,5000000000,0.3
2100,Sudan,2006,24,5000000000,0.3
2101,Sudan,2007,23,5000000000,0.3
2102,Sudan,2008,32,5000000000,0.3
2103,Sudan,2009,26,5000000000,0.3
2104,Sudan,2010,28,5000000000,0.3
2105,Sudan,2011,38,5000000000,0.3
2106,Sudan,2012,40,5000000000,0.3
2107,Sudan,2013,46,5000000000,0.3
2108,Sudan,2014,157,5000000000,0.3
2109,Sudan,2015,158,5000000000,0.3
2110,Sudan,2016,173,5000000000,0.3
2111,Sudan,2017,106,5000000000,0.3
2112,Sudan,2018,42,5000000000,0.3
2113,Sudan,2019,26,5000000000,0.3
2114,Sudan,2020,33,5000000000,0.3
2115,Sudan,2021,13,5000000000,0.3
2116,Suriname,1994,1,99980000,0.0061
2117,Suriname,1995,0,99980000,0.0061
2118,Suriname,1996,0,99980000,0.0061
2119,Suriname,1997,2,99980000,0.0061
2120,Suriname,1998,0,99980000,0.0061
2121,Suriname,1999,0,99980000,0.0061
2122,Suriname,2000,0,99980000,0.0061
2123,Suriname,2001,0,99980000,0.0061
2124,Suriname,2002,0,99980000,0.0061
2125,Suriname,2003,0,99980000,0.0061
2126,Suriname,2004,0,99980000,0.0061
2127,Suriname,2005,0,99980000,0.0061
2128,Suriname,2006,0,99980000,0.0061
2129,Suriname,2007,0,99980000,0.0061
2130,Suriname,2008,0,99980000,0.0061
2131,Suriname,2009,0,99980000,0.0061
2132,Suriname,2010,0,99980000,0.0061
2133,Suriname,2011,0,99980000,0.0061
2134,Suriname,2012,0,99980000,0.0061
2135,Suriname,2013,0,99980000,0.0061
2136,Suriname,2014,0,99980000,0.0061
2137,Suriname,2015,0,99980000,0.0061
2138,Suriname,2016,0,99980000,0.0061
2139,Suriname,2017,0,99980000,0.0061
2140,Suriname,2018,0,99980000,0.0061
2141,Suriname,2019,0,99980000,0.0061
2142,Suriname,2020,0,99980000,0.0061
2143,Suriname,2021,0,99980000,0.0061
2144,Syria,1994,0,2500000000,0.15
2145,Syria,1995,0,2500000000,0.15
2146,Syria,1996,2,2500000000,0.15
2147,Syria,1997,1,2500000000,0.15
2148,Syria,1998,1,2500000000,0.15
2149,Syria,1999,0,2500000000,0.15
2150,Syria,2000,0,2500000000,0.15
2151,Syria,2001,0,2500000000,0.15
2152,Syria,2002,0,2500000000,0.15
2153,Syria,2003,0,2500000000,0.15
2154,Syria,2004,1,2500000000,0.15
2155,Syria,2005,0,2500000000,0.15
2156,Syria,2006,1,2500000000,0.15
2157,Syria,2007,0,2500000000,0.15
2158,Syria,2008,1,2500000000,0.15
2159,Syria,2009,0,2500000000,0.15
2160,Syria,2010,0,2500000000,0.15
2161,Syria,2011,49,2500000000,0.15
2162,Syria,2012,180,2500000000,0.15
2163,Syria,2013,287,2500000000,0.15
2164,Syria,2014,333,2500000000,0.15
2165,Syria,2015,491,2500000000,0.15
2166,Syria,2016,474,2500000000,0.15
2167,Syria,2017,250,2500000000,0.15
2168,Syria,2018,235,2500000000,0.15
2169,Syria,2019,293,2500000000,0.15
2170,Syria,2020,256,2500000000,0.15
2171,Syria,2021,144,2500000000,0.15
2172,Taiwan,1994,5,2380000,0.0001
2173,Taiwan,1995,4,2380000,0.0001
2174,Taiwan,1996,5,2380000,0.0001
2175,Taiwan,1997,1,2380000,0.0001
2176,Taiwan,1998,0,2380000,0.0001
2177,Taiwan,1999,0,2380000,0.0001
2178,Taiwan,2000,0,2380000,0.0001
2179,Taiwan,2001,2,2380000,0.0001
2180,Taiwan,2002,0,2380000,0.0001
2181,Taiwan,2003,0,2380000,0.0001
2182,Taiwan,2004,2,2380000,0.0001
2183,Taiwan,2005,0,2380000,0.0001
2184,Taiwan,2006,0,2380000,0.0001
2185,Taiwan,2007,0,2380000,0.0001
2186,Taiwan,2008,1,2380000,0.0001
2187,Taiwan,2009,0,2380000,0.0001
2188,Taiwan,2010,0,2380000,0.0001
2189,Taiwan,2011,0,2380000,0.0001
2190,Taiwan,2012,0,2380000,0.0001
2191,Taiwan,2013,2,2380000,0.0001
2192,Taiwan,2014,1,2380000,0.0001
2193,Taiwan,2015,0,2380000,0.0001
2194,Taiwan,2016,1,2380000,0.0001
2195,Taiwan,2017,1,2380000,0.0001
2196,Taiwan,2018,3,2380000,0.0001
2197,Taiwan,2019,1,2380000,0.0001
2198,Taiwan,2020,0,2380000,0.0001
2199,Taiwan,2021,0,2380000,0.0001
2200,Tajikistan,1994,31,12000000,0.0007
2201,Tajikistan,1995,34,12000000,0.0007
2202,Tajikistan,1996,22,12000000,0.0007
2203,Tajikistan,1997,40,12000000,0.0007
2204,Tajikistan,1998,11,12000000,0.0007
2205,Tajikistan,1999,4,12000000,0.0007
2206,Tajikistan,2000,6,12000000,0.0007
2207,Tajikistan,2001,6,12000000,0.0007
2208,Tajikistan,2002,0,12000000,0.0007
2209,Tajikistan,2003,0,12000000,0.0007
2210,Tajikistan,2004,0,12000000,0.0007
2211,Tajikistan,2005,1,12000000,0.0007
2212,Tajikistan,2006,0,12000000,0.0007
2213,Tajikistan,2007,1,12000000,0.0007
2214,Tajikistan,2008,0,12000000,0.0007
2215,Tajikistan,2009,1,12000000,0.0007
2216,Tajikistan,2010,1,12000000,0.0007
2217,Tajikistan,2011,0,12000000,0.0007
2218,Tajikistan,2012,5,12000000,0.0007
2219,Tajikistan,2013,0,12000000,0.0007
2220,Tajikistan,2014,1,12000000,0.0007
2221,Tajikistan,2015,3,12000000,0.0007
2222,Tajikistan,2016,2,12000000,0.0007
2223,Tajikistan,2017,2,12000000,0.0007
2224,Tajikistan,2018,3,12000000,0.0007
2225,Tajikistan,2019,2,12000000,0.0007
2226,Tajikistan,2020,0,12000000,0.0007
2227,Tajikistan,2021,0,12000000,0.0007
2228,Thailand,1994,24,404890000,0.025
2229,Thailand,1995,12,404890000,0.025
2230,Thailand,1996,19,404890000,0.025
2231,Thailand,1997,20,404890000,0.025
2232,Thailand,1998,4,404890000,0.025
2233,Thailand,1999,4,404890000,0.025
2234,Thailand,2000,4,404890000,0.025
2235,Thailand,2001,14,404890000,0.025
2236,Thailand,2002,12,404890000,0.025
2237,Thailand,2003,6,404890000,0.025
2238,Thailand,2004,44,404890000,0.025
2239,Thailand,2005,155,404890000,0.025
2240,Thailand,2006,202,404890000,0.025
2241,Thailand,2007,293,404890000,0.025
2242,Thailand,2008,200,404890000,0.025
2243,Thailand,2009,298,404890000,0.025
2244,Thailand,2010,253,404890000,0.025
2245,Thailand,2011,182,404890000,0.025
2246,Thailand,2012,280,404890000,0.025
2247,Thailand,2013,472,404890000,0.025
2248,Thailand,2014,423,404890000,0.025
2249,Thailand,2015,278,404890000,0.025
2250,Thailand,2016,329,404890000,0.025
2251,Thailand,2017,179,404890000,0.025
2252,Thailand,2018,182,404890000,0.025
2253,Thailand,2019,130,404890000,0.025
2254,Thailand,2020,39,404890000,0.025
2255,Thailand,2021,27,404890000,0.025
2256,Trinidad and Tobago,1994,1,728300000,0.044
2257,Trinidad and Tobago,1995,4,728300000,0.044
2258,Trinidad and Tobago,1996,3,728300000,0.044
2259,Trinidad and Tobago,1997,0,728300000,0.044
2260,Trinidad and Tobago,1998,0,728300000,0.044
2261,Trinidad and Tobago,1999,0,728300000,0.044
2262,Trinidad and Tobago,2000,0,728300000,0.044
2263,Trinidad and Tobago,2001,0,728300000,0.044
2264,Trinidad and Tobago,2002,0,728300000,0.044
2265,Trinidad and Tobago,2003,0,728300000,0.044
2266,Trinidad and Tobago,2004,0,728300000,0.044
2267,Trinidad and Tobago,2005,2,728300000,0.044
2268,Trinidad and Tobago,2006,0,728300000,0.044
2269,Trinidad and Tobago,2007,0,728300000,0.044
2270,Trinidad and Tobago,2008,0,728300000,0.044
2271,Trinidad and Tobago,2009,0,728300000,0.044
2272,Trinidad and Tobago,2010,1,728300000,0.044
2273,Trinidad and Tobago,2011,0,728300000,0.044
2274,Trinidad and Tobago,2012,0,728300000,0.044
2275,Trinidad and Tobago,2013,3,728300000,0.044
2276,Trinidad and Tobago,2014,0,728300000,0.044
2277,Trinidad and Tobago,2015,1,728300000,0.044
2278,Trinidad and Tobago,2016,0,728300000,0.044
2279,Trinidad and Tobago,2017,0,728300000,0.044
2280,Trinidad and Tobago,2018,1,728300000,0.044
2281,Trinidad and Tobago,2019,1,728300000,0.044
2282,Trinidad and Tobago,2020,1,728300000,0.044
2283,Trinidad and Tobago,2021,0,728300000,0.044
2284,Tunisia,1994,1,425000000,0.026
2285,Tunisia,1995,1,425000000,0.026
2286,Tunisia,1996,0,425000000,0.026
2287,Tunisia,1997,0,425000000,0.026
2288,Tunisia,1998,0,425000000,0.026
2289,Tunisia,1999,0,425000000,0.026
2290,Tunisia,2000,1,425000000,0.026
2291,Tunisia,2001,1,425000000,0.026
2292,Tunisia,2002,1,425000000,0.026
2293,Tunisia,2003,0,425000000,0.026
2294,Tunisia,2004,0,425000000,0.026
2295,Tunisia,2005,0,425000000,0.026
2296,Tunisia,2006,0,425000000,0.026
2297,Tunisia,2007,1,425000000,0.026
2298,Tunisia,2008,1,425000000,0.026
2299,Tunisia,2009,0,425000000,0.026
2300,Tunisia,2010,0,425000000,0.026
2301,Tunisia,2011,3,425000000,0.026
2302,Tunisia,2012,3,425000000,0.026
2303,Tunisia,2013,29,425000000,0.026
2304,Tunisia,2014,23,425000000,0.026
2305,Tunisia,2015,19,425000000,0.026
2306,Tunisia,2016,12,425000000,0.026
2307,Tunisia,2017,4,425000000,0.026
2308,Tunisia,2018,19,425000000,0.026
2309,Tunisia,2019,16,425000000,0.026
2310,Tunisia,2020,5,425000000,0.026
2311,Tunisia,2021,4,425000000,0.026
2312,Turkey,1994,300,312000000,0.019
2313,Turkey,1995,133,312000000,0.019
2314,Turkey,1996,54,312000000,0.019
2315,Turkey,1997,44,312000000,0.019
2316,Turkey,1998,23,312000000,0.019
2317,Turkey,1999,109,312000000,0.019
2318,Turkey,2000,35,312000000,0.019
2319,Turkey,2001,19,312000000,0.019
2320,Turkey,2002,5,312000000,0.019
2321,Turkey,2003,19,312000000,0.019
2322,Turkey,2004,27,312000000,0.019
2323,Turkey,2005,41,312000000,0.019
2324,Turkey,2006,43,312000000,0.019
2325,Turkey,2007,30,312000000,0.019
2326,Turkey,2008,32,312000000,0.019
2327,Turkey,2009,13,312000000,0.019
2328,Turkey,2010,20,312000000,0.019
2329,Turkey,2011,51,312000000,0.019
2330,Turkey,2012,190,312000000,0.019
2331,Turkey,2013,42,312000000,0.019
2332,Turkey,2014,95,312000000,0.019
2333,Turkey,2015,425,312000000,0.019
2334,Turkey,2016,544,312000000,0.019
2335,Turkey,2017,181,312000000,0.019
2336,Turkey,2018,94,312000000,0.019
2337,Turkey,2019,70,312000000,0.019
2338,Turkey,2020,20,312000000,0.019
2339,Turkey,2021,14,312000000,0.019
2340,Turkmenistan,1994,0,600000000,0.036
2341,Turkmenistan,1995,0,600000000,0.036
2342,Turkmenistan,1996,0,600000000,0.036
2343,Turkmenistan,1997,0,600000000,0.036
2344,Turkmenistan,1998,0,600000000,0.036
2345,Turkmenistan,1999,0,600000000,0.036
2346,Turkmenistan,2000,0,600000000,0.036
2347,Turkmenistan,2001,0,600000000,0.036
2348,Turkmenistan,2002,1,600000000,0.036
2349,Turkmenistan,2003,0,600000000,0.036
2350,Turkmenistan,2004,0,600000000,0.036
2351,Turkmenistan,2005,0,600000000,0.036
2352,Turkmenistan,2006,0,600000000,0.036
2353,Turkmenistan,2007,0,600000000,0.036
2354,Turkmenistan,2008,0,600000000,0.036
2355,Turkmenistan,2009,0,600000000,0.036
2356,Turkmenistan,2010,0,600000000,0.036
2357,Turkmenistan,2011,0,600000000,0.036
2358,Turkmenistan,2012,0,600000000,0.036
2359,Turkmenistan,2013,0,600000000,0.036
2360,Turkmenistan,2014,1,600000000,0.036
2361,Turkmenistan,2015,0,600000000,0.036
2362,Turkmenistan,2016,0,600000000,0.036
2363,Turkmenistan,2017,0,600000000,0.036
2364,Turkmenistan,2018,0,600000000,0.036
2365,Turkmenistan,2019,0,600000000,0.036
2366,Turkmenistan,2020,0,600000000,0.036
2367,Turkmenistan,2021,0,600000000,0.036
2368,Uganda,1994,13,2500000000,0.15
2369,Uganda,1995,7,2500000000,0.15
2370,Uganda,1996,29,2500000000,0.15
2371,Uganda,1997,24,2500000000,0.15
2372,Uganda,1998,18,2500000000,0.15
2373,Uganda,1999,19,2500000000,0.15
2374,Uganda,2000,20,2500000000,0.15
2375,Uganda,2001,24,2500000000,0.15
2376,Uganda,2002,24,2500000000,0.15
2377,Uganda,2003,30,2500000000,0.15
2378,Uganda,2004,10,2500000000,0.15
2379,Uganda,2005,11,2500000000,0.15
2380,Uganda,2006,0,2500000000,0.15
2381,Uganda,2007,1,2500000000,0.15
2382,Uganda,2008,7,2500000000,0.15
2383,Uganda,2009,2,2500000000,0.15
2384,Uganda,2010,6,2500000000,0.15
2385,Uganda,2011,0,2500000000,0.15
2386,Uganda,2012,4,2500000000,0.15
2387,Uganda,2013,0,2500000000,0.15
2388,Uganda,2014,6,2500000000,0.15
2389,Uganda,2015,10,2500000000,0.15
2390,Uganda,2016,15,2500000000,0.15
2391,Uganda,2017,13,2500000000,0.15
2392,Uganda,2018,10,2500000000,0.15
2393,Uganda,2019,4,2500000000,0.15
2394,Uganda,2020,5,2500000000,0.15
2395,Uganda,2021,11,2500000000,0.15
2396,Ukraine,1994,10,395000000,0.024
2397,Ukraine,1995,2,395000000,0.024
2398,Ukraine,1996,3,395000000,0.024
2399,Ukraine,1997,2,395000000,0.024
2400,Ukraine,1998,0,395000000,0.024
2401,Ukraine,1999,6,395000000,0.024
2402,Ukraine,2000,1,395000000,0.024
2403,Ukraine,2001,0,395000000,0.024
2404,Ukraine,2002,3,395000000,0.024
2405,Ukraine,2003,1,395000000,0.024
2406,Ukraine,2004,0,395000000,0.024
2407,Ukraine,2005,0,395000000,0.024
2408,Ukraine,2006,0,395000000,0.024
2409,Ukraine,2007,1,395000000,0.024
2410,Ukraine,2008,1,395000000,0.024
2411,Ukraine,2009,2,395000000,0.024
2412,Ukraine,2010,4,395000000,0.024
2413,Ukraine,2011,3,395000000,0.024
2414,Ukraine,2012,8,395000000,0.024
2415,Ukraine,2013,5,395000000,0.024
2416,Ukraine,2014,896,395000000,0.024
2417,Ukraine,2015,638,395000000,0.024
2418,Ukraine,2016,62,395000000,0.024
2419,Ukraine,2017,62,395000000,0.024
2420,Ukraine,2018,36,395000000,0.024
2421,Ukraine,2019,31,395000000,0.024
2422,Ukraine,2020,38,395000000,0.024
2423,Ukraine,2021,10,395000000,0.024
2424,United Arab Emirates,1994,0,97800000000,5.9
2425,United Arab Emirates,1995,2,97800000000,5.9
2426,United Arab Emirates,1996,0,97800000000,5.9
2427,United Arab Emirates,1997,0,97800000000,5.9
2428,United Arab Emirates,1998,0,97800000000,5.9
2429,United Arab Emirates,1999,0,97800000000,5.9
2430,United Arab Emirates,2000,0,97800000000,5.9
2431,United Arab Emirates,2001,0,97800000000,5.9
2432,United Arab Emirates,2002,0,97800000000,5.9
2433,United Arab Emirates,2003,0,97800000000,5.9
2434,United Arab Emirates,2004,0,97800000000,5.9
2435,United Arab Emirates,2005,0,97800000000,5.9
2436,United Arab Emirates,2006,0,97800000000,5.9
2437,United Arab Emirates,2007,0,97800000000,5.9
2438,United Arab Emirates,2008,0,97800000000,5.9
2439,United Arab Emirates,2009,0,97800000000,5.9
2440,United Arab Emirates,2010,2,97800000000,5.9
2441,United Arab Emirates,2011,0,97800000000,5.9
2442,United Arab Emirates,2012,0,97800000000,5.9
2443,United Arab Emirates,2013,1,97800000000,5.9
2444,United Arab Emirates,2014,2,97800000000,5.9
2445,United Arab Emirates,2015,0,97800000000,5.9
2446,United Arab Emirates,2016,0,97800000000,5.9
2447,United Arab Emirates,2017,0,97800000000,5.9
2448,United Arab Emirates,2018,0,97800000000,5.9
2449,United Arab Emirates,2019,0,97800000000,5.9
2450,United Arab Emirates,2020,0,97800000000,5.9
2451,United Arab Emirates,2021,0,97800000000,5.9
2452,United Kingdom,1994,256,2754685000,0.17
2453,United Kingdom,1995,22,2754685000,0.17
2454,United Kingdom,1996,36,2754685000,0.17
2455,United Kingdom,1997,78,2754685000,0.17
2456,United Kingdom,1998,63,2754685000,0.17
2457,United Kingdom,1999,76,2754685000,0.17
2458,United Kingdom,2000,61,2754685000,0.17
2459,United Kingdom,2001,94,2754685000,0.17
2460,United Kingdom,2002,21,2754685000,0.17
2461,United Kingdom,2003,23,2754685000,0.17
2462,United Kingdom,2004,5,2754685000,0.17
2463,United Kingdom,2005,29,2754685000,0.17
2464,United Kingdom,2006,6,2754685000,0.17
2465,United Kingdom,2007,24,2754685000,0.17
2466,United Kingdom,2008,39,2754685000,0.17
2467,United Kingdom,2009,23,2754685000,0.17
2468,United Kingdom,2010,57,2754685000,0.17
2469,United Kingdom,2011,47,2754685000,0.17
2470,United Kingdom,2012,54,2754685000,0.17
2471,United Kingdom,2013,136,2754685000,0.17
2472,United Kingdom,2014,104,2754685000,0.17
2473,United Kingdom,2015,114,2754685000,0.17
2474,United Kingdom,2016,104,2754685000,0.17
2475,United Kingdom,2017,123,2754685000,0.17
2476,United Kingdom,2018,101,2754685000,0.17
2477,United Kingdom,2019,85,2754685000,0.17
2478,United Kingdom,2020,90,2754685000,0.17
2479,United Kingdom,2021,40,2754685000,0.17
2480,United States,1994,55,35230000000,2.1
2481,United States,1995,60,35230000000,2.1
2482,United States,1996,35,35230000000,2.1
2483,United States,1997,42,35230000000,2.1
2484,United States,1998,31,35230000000,2.1
2485,United States,1999,54,35230000000,2.1
2486,United States,2000,42,35230000000,2.1
2487,United States,2001,47,35230000000,2.1
2488,United States,2002,33,35230000000,2.1
2489,United States,2003,35,35230000000,2.1
2490,United States,2004,9,35230000000,2.1
2491,United States,2005,21,35230000000,2.1
2492,United States,2006,6,35230000000,2.1
2493,United States,2007,11,35230000000,2.1
2494,United States,2008,18,35230000000,2.1
2495,United States,2009,12,35230000000,2.1
2496,United States,2010,19,35230000000,2.1
2497,United States,2011,9,35230000000,2.1
2498,United States,2012,20,35230000000,2.1
2499,United States,2013,20,35230000000,2.1
2500,United States,2014,29,35230000000,2.1
2501,United States,2015,41,35230000000,2.1
2502,United States,2016,68,35230000000,2.1
2503,United States,2017,66,35230000000,2.1
2504,United States,2018,76,35230000000,2.1
2505,United States,2019,72,35230000000,2.1
2506,United States,2020,103,35230000000,2.1
2507,United States,2021,26,35230000000,2.1
2508,Uzbekistan,1994,0,594000000,0.036
2509,Uzbekistan,1995,1,594000000,0.036
2510,Uzbekistan,1996,0,594000000,0.036
2511,Uzbekistan,1997,0,594000000,0.036
2512,Uzbekistan,1998,0,594000000,0.036
2513,Uzbekistan,1999,8,594000000,0.036
2514,Uzbekistan,2000,0,594000000,0.036
2515,Uzbekistan,2001,0,594000000,0.036
2516,Uzbekistan,2002,0,594000000,0.036
2517,Uzbekistan,2003,0,594000000,0.036
2518,Uzbekistan,2004,5,594000000,0.036
2519,Uzbekistan,2005,2,594000000,0.036
2520,Uzbekistan,2006,0,594000000,0.036
2521,Uzbekistan,2007,0,594000000,0.036
2522,Uzbekistan,2008,0,594000000,0.036
2523,Uzbekistan,2009,2,594000000,0.036
2524,Uzbekistan,2010,0,594000000,0.036
2525,Uzbekistan,2011,0,594000000,0.036
2526,Uzbekistan,2012,0,594000000,0.036
2527,Uzbekistan,2013,0,594000000,0.036
2528,Uzbekistan,2014,0,594000000,0.036
2529,Uzbekistan,2015,1,594000000,0.036
2530,Uzbekistan,2016,0,594000000,0.036
2531,Uzbekistan,2017,0,594000000,0.036
2532,Uzbekistan,2018,0,594000000,0.036
2533,Uzbekistan,2019,0,594000000,0.036
2534,Uzbekistan,2020,0,594000000,0.036
2535,Uzbekistan,2021,0,594000000,0.036
2536,Venezuela,1994,12,299953000000,18.2
2537,Venezuela,1995,11,299953000000,18.2
2538,Venezuela,1996,12,299953000000,18.2
2539,Venezuela,1997,41,299953000000,18.2
2540,Venezuela,1998,1,299953000000,18.2
2541,Venezuela,1999,5,299953000000,18.2
2542,Venezuela,2000,0,299953000000,18.2
2543,Venezuela,2001,5,299953000000,18.2
2544,Venezuela,2002,5,299953000000,18.2
2545,Venezuela,2003,8,299953000000,18.2
2546,Venezuela,2004,0,299953000000,18.2
2547,Venezuela,2005,0,299953000000,18.2
2548,Venezuela,2006,0,299953000000,18.2
2549,Venezuela,2007,2,299953000000,18.2
2550,Venezuela,2008,1,299953000000,18.2
2551,Venezuela,2009,3,299953000000,18.2
2552,Venezuela,2010,0,299953000000,18.2
2553,Venezuela,2011,0,299953000000,18.2
2554,Venezuela,2012,1,299953000000,18.2
2555,Venezuela,2013,1,299953000000,18.2
2556,Venezuela,2014,4,299953000000,18.2
2557,Venezuela,2015,3,299953000000,18.2
2558,Venezuela,2016,6,299953000000,18.2
2559,Venezuela,2017,17,299953000000,18.2
2560,Venezuela,2018,11,299953000000,18.2
2561,Venezuela,2019,9,299953000000,18.2
2562,Venezuela,2020,7,299953000000,18.2
2563,Venezuela,2021,12,299953000000,18.2
2564,Vietnam,1994,1,4400000000,0.27
2565,Vietnam,1995,1,4400000000,0.27
2566,Vietnam,1996,1,4400000000,0.27
2567,Vietnam,1997,2,4400000000,0.27
2568,Vietnam,1998,0,4400000000,0.27
2569,Vietnam,1999,0,4400000000,0.27
2570,Vietnam,2000,0,4400000000,0.27
2571,Vietnam,2001,4,4400000000,0.27
2572,Vietnam,2002,0,4400000000,0.27
2573,Vietnam,2003,0,4400000000,0.27
2574,Vietnam,2004,0,4400000000,0.27
2575,Vietnam,2005,0,4400000000,0.27
2576,Vietnam,2006,0,4400000000,0.27
2577,Vietnam,2007,0,4400000000,0.27
2578,Vietnam,2008,0,4400000000,0.27
2579,Vietnam,2009,0,4400000000,0.27
2580,Vietnam,2010,0,4400000000,0.27
2581,Vietnam,2011,0,4400000000,0.27
2582,Vietnam,2012,0,4400000000,0.27
2583,Vietnam,2013,0,4400000000,0.27
2584,Vietnam,2014,0,4400000000,0.27
2585,Vietnam,2015,0,4400000000,0.27
2586,Vietnam,2016,0,4400000000,0.27
2587,Vietnam,2017,2,4400000000,0.27
2588,Vietnam,2018,1,4400000000,0.27
2589,Vietnam,2019,0,4400000000,0.27
2590,Vietnam,2020,0,4400000000,0.27
2591,Vietnam,2021,0,4400000000,0.27
2592,Yemen,1994,19,3000000000,0.18
2593,Yemen,1995,8,3000000000,0.18
2594,Yemen,1996,8,3000000000,0.18
2595,Yemen,1997,19,3000000000,0.18
2596,Yemen,1998,7,3000000000,0.18
2597,Yemen,1999,17,3000000000,0.18
2598,Yemen,2000,10,3000000000,0.18
2599,Yemen,2001,7,3000000000,0.18
2600,Yemen,2002,7,3000000000,0.18
2601,Yemen,2003,7,3000000000,0.18
2602,Yemen,2004,0,3000000000,0.18
2603,Yemen,2005,7,3000000000,0.18
2604,Yemen,2006,5,3000000000,0.18
2605,Yemen,2007,7,3000000000,0.18
2606,Yemen,2008,22,3000000000,0.18
2607,Yemen,2009,23,3000000000,0.18
2608,Yemen,2010,112,3000000000,0.18
2609,Yemen,2011,118,3000000000,0.18
2610,Yemen,2012,313,3000000000,0.18
2611,Yemen,2013,435,3000000000,0.18
2612,Yemen,2014,814,3000000000,0.18
2613,Yemen,2015,818,3000000000,0.18
2614,Yemen,2016,917,3000000000,0.18
2615,Yemen,2017,531,3000000000,0.18
2616,Yemen,2018,498,3000000000,0.18
2617,Yemen,2019,795,3000000000,0.18
2618,Yemen,2020,474,3000000000,0.18
2619,Yemen,2021,290,3000000000,0.18
